query_id,query,query_run,passage_id,passage,generated_answer
query_1,What is SM94?,1,[1],"image from SM94 M6: Potential RC & YIP/潜在原因及改进 at row 28, column 6. Related text: 1：Fix Location(QP  level)：UBY：Environment/环境：Uball Jig：Defect mapping/缺陷分布(example)：A long, narrow indentation along the edge of the unit.：Magnetic force caused contact mark：1.Magnetic force distribution optimization and re-start validation for SM94：Historical investigation report/历史调查报告.","SM94 refers to a defect characterized by a **visual discernable depression on the solder resist (SR) surface** [ID:3][ID:14]. It is described as a dent that can be observed during inspection, with specific definitions and criteria depending on the mode (M1, M3, etc.) and location:

*   **M1 Mode:** The defect appears as a dent on all Plastic Body Areas (including SR under BGA/LGA pads) and C4 Areas [ID:14].
*   **M3 Mode:** The defect is described as undulation on the Top side SR, appearing as tidy and regular unflatness [ID:3].
*   **General Description:** It involves dents on the SR surface which may look smooth without broken/scratch/crack, or not smooth with slight broken/scratch/crack depending on the cause [ID:6][ID:9].

**Rejection Criteria:**
*   A single SR dent is rejected if it is **>40 mils (approx. >1mm)** in any direction and visible at POR inspection magnification [ID:15][ID:17].
*   Specific rejection conditions include dents on the Plastic Body >1mm or dents crossing two metal traces >1mm [ID:15][ID:17].
*   However, an SR dent is **acceptable** if there is no SR damage/crack and no underlying metal exposure or inner layer deformation/damage, regardless of size [ID:15][ID:17].

**Potential Causes (Root Causes):**
The defect can arise from various processes and factors, including:
*   **SLY (Lamination):** Issues with the Lamination module, such as high temperature recipes causing ABF bleed-out/undulation, or insufficient SR fill in areas with dense circuitry or low copper density [ID:1][ID:10][ID:12][ID:19].
*   **Environment (Foreign Material - FM):** FM attached to rubber/SUS stages, exposure tables, tester fixtures, or UBY/LSC tables causing dents [ID:5][ID:6][ID:9][ID:13][ID:16][ID:20].
*   **Assembly (M6/M7):** Magnetic force from Uball Jigs or LSC Jigs causing contact marks that appear as long, narrow indentations along the unit edge [ID:0][ID:4][ID:7][ID:8].
*   **Material:** Abnormal protrusion or FM in the Carrier film [ID:2]. [1, 2, 3, 4, 5, 6, 7, 8, 9, 10, 11, 12, 13, 14, 15, 16, 17, 18, 19, 20, 21, 22, 23, 24, 25, 26, 27, 28, 29, 30]"
query_1,What is SM94?,1,[2],"- SM94 M3: Potential RC & YIP/潜在原因及改进
- No.: 1
- Distribution/分布: defect at unit edge,and defect units at panel edge
- Potential Impact Factor(Process)/潜在影响因素(制程）: BLY
- Type/类别
(5M1E): Method/法
- Sub-factor/子因数: Lamination module
- Defect mapping/缺陷分布: Defect mapping/缺陷分布
- Defect further description/缺陷深入阐述: Unit edge undulation at full panels edge
- Potential RC/潜在根源: BLY use High Temp recipe then lead to  ABF serious bleed out/undulation on the edge of the panel
- Improvement Action/改进行动: 1.BLY reduce High Temp recipe layer;
2.add Laser trimming to remove ABF bleed out;
- Historical investigation report/历史调查报告: Historical investigation report/历史调查报告",
query_1,What is SM94?,1,[3],"- SM94 M1: Potential RC & YIP/潜在原因及改进
- No.: 5
- Distribution/分布: Random
- Potential Impact Factor(Process)/潜在影响因素(制程）: SLY
- Type/类别
(5M1E): Mateiral/料
- Sub-factor/子因数: Carrier film
- Defect mapping/缺陷分布(example): Defect mapping/缺陷分布(example)
- Defect further description/缺陷深入阐述: dense small dents on unit,random on full panels
- Potential RC/潜在根源: 1.abnormal protrusion or FM in the Carrier film;
2.FM from carrier film
- Improvement Action/改进行动: 1.Carrier film supplier improve film surface performance;
2.Clean FM from carrier film before installation;
3.Clean stage after carrier film installation
- Historical investigation report/历史调查报告: Historical investigation report/历史调查报告",
query_1,What is SM94?,1,[4],"- SM94 M3: Defect Information/缺陷详情
- Defect Information/缺陷详情: Defect Code/缺陷代码：SM94；Defect decription/缺陷描述：Visual discernable depression on the solder resist. Surface.
可辨别的在阻焊上的凹陷.；Mode/模式：M3；Mode description/模式描述：Undulation on Top side SR(tidy and regular unflat)
正面SR有规则性的不平整凹陷；Owner process/责任制程：SLY/BLY；Owner department/责任部门：SRSF/Build Up；Customer/客户：All；Product Group/产品：All( Build Up: IKx)",
query_1,What is SM94?,1,[5],"- SM94 M6: Potential RC & YIP/潜在原因及改进
- No.: 1
- Distribution/分布: Fix Location(QP  level)
- Potential Impact Factor(Process)/潜在影响因素(制程）: UBY
- Type/类别
(5M1E): Environment/环境
- Sub-factor/子因数: Uball Jig
- Defect mapping/缺陷分布(example): Defect mapping/缺陷分布(example)
- Defect further description/缺陷深入阐述: A long, narrow indentation along the edge of the unit.
- Potential RC/潜在根源: Magnetic force caused contact mark
- Improvement Action/改进行动: 1.Magnetic force distribution optimization and re-start validation for SM94

- Historical investigation report/历史调查报告: Historical investigation report/历史调查报告",
query_1,What is SM94?,1,[6],"image from SM94 M1: Potential RC & YIP/潜在原因及改进 at row 28, column 6. Related text: 1：Fix Location(FP Level)：SLY：Environment/环境：SLY Lamination rubber/Flatten stage：Defect mapping/缺陷分布(example)：Dent on fixed location of the full panels.   
The dent on SR surface looks smooth and no broken/scratch/crack：FM attach on rubber/SUS stage etc. which is not easy to remove.Panels touch on the stage/rubber, caused dent.：1.Regular machine PM to clean FM,and to reduce parts abrasion;
2.Collect FM: add sticky paper above and around rubber/SUS stage;
3.Clean FM from rubber/SUS stage towards one direction to avoid contaminate again;
4.Inspect first 2 panels per lot to reduce potential impact scope;
5.Control environment FM by APC chart;：Historical investigation report/历史调查报告.",
query_1,What is SM94?,1,[7],"- SM94 M1: Potential RC & YIP/潜在原因及改进
- No.: 1
- Distribution/分布: Fix Location(FP Level)
- Potential Impact Factor(Process)/潜在影响因素(制程）: SLY
- Type/类别
(5M1E): Environment/环境
- Sub-factor/子因数: SLY Lamination rubber/Flatten stage
- Defect mapping/缺陷分布(example): Defect mapping/缺陷分布(example)
- Defect further description/缺陷深入阐述: Dent on fixed location of the full panels.   
The dent on SR surface looks smooth and no broken/scratch/crack
- Potential RC/潜在根源: FM attach on rubber/SUS stage etc. which is not easy to remove.Panels touch on the stage/rubber, caused dent. 
- Improvement Action/改进行动: 1.Regular machine PM to clean FM,and to reduce parts abrasion;
2.Collect FM: add sticky paper above and around rubber/SUS stage;
3.Clean FM from rubber/SUS stage towards one direction to avoid contaminate again;
4.Inspect first 2 panels per lot to reduce potential impact scope;
5.Control environment FM by APC chart;
- Historical investigation report/历史调查报告: Historical investigation report/历史调查报告",
query_1,What is SM94?,1,[8],"- SM94 M7: Potential RC & YIP/潜在原因及改进
- No.: 1
- Distribution/分布: Fix Location(QP  level)
- Potential Impact Factor(Process)/潜在影响因素(制程）: LSC
- Type/类别
(5M1E): Environment/环境
- Sub-factor/子因数: LSC Jig
- Defect mapping/缺陷分布(example): Defect mapping/缺陷分布(example)
- Defect further description/缺陷深入阐述: A long, narrow indentation along the edge of the unit.
- Potential RC/潜在根源: Magnetic force caused contact mark
- Improvement Action/改进行动: 1.Magnetic force distribution optimization and re-start validation for SM94

- Historical investigation report/历史调查报告: Historical investigation report/历史调查报告",
query_1,What is SM94?,1,[9],"image from SM94 M7: Potential RC & YIP/潜在原因及改进 at row 28, column 6. Related text: 1：Fix Location(QP  level)：LSC：Environment/环境：LSC Jig：Defect mapping/缺陷分布(example)：A long, narrow indentation along the edge of the unit.：Magnetic force caused contact mark：1.Magnetic force distribution optimization and re-start validation for SM94：Historical investigation report/历史调查报告.",
query_1,What is SM94?,1,[10],"- SM94 M1: Potential RC & YIP/潜在原因及改进
- No.: 4
- Distribution/分布: Fix Location(unit level)
- Potential Impact Factor(Process)/潜在影响因素(制程）: ETS
- Type/类别
(5M1E): Environment/环境
- Sub-factor/子因数: Tester fixture
- Defect mapping/缺陷分布(example): Defect mapping/缺陷分布(example)
- Defect further description/缺陷深入阐述: Dent on fixed location of the units   
The dent on SR surface looks not smooth with slight broken/scratch/crack,and looks more white than dent caused SLY/SXP
- Potential RC/潜在根源: FM on E-test fixture
- Improvement Action/改进行动: 1.Modify fixture structure to reduce contact area;
2.first 2 panels and mid-process inspection per lot to reduce potential impact scope;
- Historical investigation report/历史调查报告: Historical investigation report/历史调查报告",
query_1,What is SM94?,1,[11],"image from SM94 M3: Potential RC & YIP/潜在原因及改进 at row 30, column 6. Related text: 2：Fix Location(unit level)：SLY：Method/法：Lamination module：Defect mapping/缺陷分布：Dent on unit fixed area, but random on full panel mapping;：In areas with dense circuitry or very low copper density (such as notch holes or max voids), SR may not be able to fill the gaps.：increase stage2(SUS) pressure, temp or press time;：Historical investigation report/历史调查报告.",
query_1,What is SM94?,1,[12],"image from SM94 M1: Potential RC & YIP/潜在原因及改进 at row 31, column 6. Related text: 4：Fix Location(unit level)：ETS：Environment/环境：Tester fixture：Defect mapping/缺陷分布(example)：Dent on fixed location of the units   
The dent on SR surface looks not smooth with slight broken/scratch/crack,and looks more white than dent caused SLY/SXP：FM on E-test fixture：1.Modify fixture structure to reduce contact area;
2.first 2 panels and mid-process inspection per lot to reduce potential impact scope;：Historical investigation report/历史调查报告.",
query_1,What is SM94?,1,[13],"image from SM94 M3: Potential RC & YIP/潜在原因及改进 at row 29, column 6. Related text: 1：defect at unit edge,and defect units at panel edge：BLY：Method/法：Lamination module：Defect mapping/缺陷分布：Unit edge undulation at full panels edge：BLY use High Temp recipe then lead to  ABF serious bleed out/undulation on the edge of the panel：1.BLY reduce High Temp recipe layer;
2.add Laser trimming to remove ABF bleed out;：Historical investigation report/历史调查报告.",
query_1,What is SM94?,1,[14],"- SM94 M1: Potential RC & YIP/潜在原因及改进
- No.: 2
- Distribution/分布: Fix Location(FP Level)
- Potential Impact Factor(Process)/潜在影响因素(制程）: SXP
- Type/类别
(5M1E): Environment/环境
- Sub-factor/子因数: Exposure  table
- Defect mapping/缺陷分布(example): Defect mapping/缺陷分布(example)
- Defect further description/缺陷深入阐述: Dent on fixed location of the full panels.   
The dent on SR surface looks smooth and no broken/scratch/crack
- Potential RC/潜在根源: FM or SR residue on SXP table
- Improvement Action/改进行动: 1.Control sticky paper peeling frequency to clean SR residue;
2.Regular machine PM to clean FM,and to reduce parts abrasion;
3.Control environment FM by APC chart;
- Historical investigation report/历史调查报告: Historical investigation report/历史调查报告",
query_1,What is SM94?,1,[15],"- SM94 M1: Defect Information/缺陷详情
- Defect Information/缺陷详情: Defect Code/缺陷代码：SM94；Defect decription/缺陷描述：Visual discernable depression on the solder resist. Surface.
可辨别的在阻焊上的凹陷.；Mode/模式：M1；Mode description/模式描述：Dent on all Plastic Body Area (including SR under BGA/LGA Pad) and C4 Area
所有阻焊区域（包含LGA/BGA）SR正反面和C4区域；Owner process/责任制程：SLY；Owner department/责任部门：SRSF；Customer/客户：All；Product Group/产品：All",
query_1,What is SM94?,1,[16],"- SM94 M3: Defect Criteria/缺陷标准
- Defect Criteria/缺陷标准: Reject for single SR dent >40mils in any direction and visible at POR inspection magnification. 凹陷长>1mm且POR倍数下可见.
1)Only the dent on SR  be scraped as SM94.只有阻焊上的凹陷报废代码为SM94.
2) If the defect is dent as FM drop out and  no exposed underlying material should be scraped as SM94.若凹陷为异物掉落且未露底材报废代码为SM94.
3) If The AVI machine  and FI has found defect（dent SM94）need follow below reject standard如果AVI设备和FI目检发现SM94(凹陷）需要参照以下拒绝标准:_x000B_a. The dent on  Plastic Body and >1mm.在大铜面上且>1mm,_x000B_b. The dent cross two metal traces  >1mm. 跨越两条线>1mm_x000B_4)LSC Area reject criterial follow Plastic Body./LSC区域报废标准遵循组焊区规范 
Note:/备注
Accept SR Dent if there is no SR Damage/Crack, No underlying metal expose/inner layer is deformed/damaged regardless of size./如果没有SR 损伤/裂纹可接受SR 凹陷。不允许任意尺寸的暴露金属材料/内层线路变形或损伤",
query_1,What is SM94?,1,[17],"- SM94 M1: Potential RC & YIP/潜在原因及改进
- No.: 3
- Distribution/分布: Fix Location(QP  level)
- Potential Impact Factor(Process)/潜在影响因素(制程）: UBY/LSC
- Type/类别
(5M1E): Environment/环境
- Sub-factor/子因数: BPR,FPR,INR,BOI table
- Defect mapping/缺陷分布(example): Defect mapping/缺陷分布(example)
- Defect further description/缺陷深入阐述: Dent on fixed location of the Quarter panels.   
The dent on SR surface looks not smooth with slight broken/scratch/crack,and looks more white than dent caused SLY/SXP
- Potential RC/潜在根源: FM left on UBY/LSC table
- Improvement Action/改进行动: 1.Regular machine PM to clean FM,and to reduce parts abrasion;
2.Each set up check and clean table;
- Historical investigation report/历史调查报告: Historical investigation report/历史调查报告",
query_1,What is SM94?,1,[18],"- SM94 M1: Defect Criteria/缺陷标准
- Defect Criteria/缺陷标准: Reject for single SR dent >40mils in any direction and visible at POR inspection magnification. 凹陷长>1mm且POR倍数下可见.
1)Only the dent on SR  be scraped as SM94.只有阻焊上的凹陷报废代码为SM94.
2) If the defect is dent as FM drop out and  no exposed underlying material should be scraped as SM94.若凹陷为异物掉落且未露底材报废代码为SM94.
3) If The AVI machine  and FI has found defect（dent SM94）need follow below reject standard如果AVI设备和FI目检发现SM94(凹陷）需要参照以下拒绝标准:_x000B_a. The dent on  Plastic Body and >1mm.在大铜面上且>1mm,_x000B_b. The dent cross two metal traces  >1mm. 跨越两条线>1mm_x000B_4)LSC Area reject criterial follow Plastic Body./LSC区域报废标准遵循组焊区规范 
Note:/备注
Accept SR Dent if there is no SR Damage/Crack, No underlying metal expose/inner layer is deformed/damaged regardless of size./如果没有SR 损伤/裂纹可接受SR 凹陷。不允许任意尺寸的暴露金属材料/内层线路变形或损伤",
query_1,What is SM94?,1,[19],"image from SM94 M1: Potential RC & YIP/潜在原因及改进 at row 29, column 6. Related text: 2：Fix Location(FP Level)：SXP：Environment/环境：Exposure  table：Defect mapping/缺陷分布(example)：Dent on fixed location of the full panels.   
The dent on SR surface looks smooth and no broken/scratch/crack：FM or SR residue on SXP table：1.Control sticky paper peeling frequency to clean SR residue;
2.Regular machine PM to clean FM,and to reduce parts abrasion;
3.Control environment FM by APC chart;：Historical investigation report/历史调查报告.",
query_1,What is SM94?,1,[20],"- SM94 M3: Potential RC & YIP/潜在原因及改进
- No.: 2
- Distribution/分布: Fix Location(unit level)
- Potential Impact Factor(Process)/潜在影响因素(制程）: SLY
- Type/类别
(5M1E): Method/法
- Sub-factor/子因数: Lamination module
- Defect mapping/缺陷分布: Defect mapping/缺陷分布
- Defect further description/缺陷深入阐述: Dent on unit fixed area, but random on full panel mapping;
- Potential RC/潜在根源: In areas with dense circuitry or very low copper density (such as notch holes or max voids), SR may not be able to fill the gaps.
- Improvement Action/改进行动: increase stage2(SUS) pressure, temp or press time;
- Historical investigation report/历史调查报告: Historical investigation report/历史调查报告",
query_1,What is SM94?,1,[21],"image from SM94 M1: Potential RC & YIP/潜在原因及改进 at row 30, column 6. Related text: 3：Fix Location(QP  level)：UBY/LSC：Environment/环境：BPR,FPR,INR,BOI table：Defect mapping/缺陷分布(example)：Dent on fixed location of the Quarter panels.   
The dent on SR surface looks not smooth with slight broken/scratch/crack,and looks more white than dent caused SLY/SXP：FM left on UBY/LSC table：1.Regular machine PM to clean FM,and to reduce parts abrasion;
2.Each set up check and clean table;：Historical investigation report/历史调查报告.",
query_1,What is SM94?,1,[22],"- SM94 M1: Potential RC & YIP/潜在原因及改进
- No.: 1
- Distribution/分布: Fix Location(QP  level)
- Potential Impact Factor(Process)/潜在影响因素(制程）: UBY/LSC
- Type/类别
(5M1E): Environment/环境
- Sub-factor/子因数: BPR,FPR,INR,BOI table
SPR,SPI,CCM table
- Defect mapping/缺陷分布(example): Defect mapping/缺陷分布(example)
- Defect further description/缺陷深入阐述: Dent on fixed location of the Quarter panels.   
The dent on SR surface looks not smooth with slight broken/scratch/crack,and looks more white than dent caused SLY/SXP
- Potential RC/潜在根源: FM left on UBY/LSC table
- Improvement Action/改进行动: 1.Regular machine PM to clean FM,and to reduce parts abrasion;
2.Each set up check and clean table;
- Historical investigation report/历史调查报告: Historical investigation report/历史调查报告",
query_1,What is SM94?,1,[23],"image from SM94 M3: Defect picture/缺陷图片 at row 16, column 1.",
query_1,What is SM94?,1,[24],"image from SM94 M3: Defect picture/缺陷图片 at row 16, column 5.",
query_1,What is SM94?,1,[25],"- Template: Potential RC & YIP/潜在原因及改进
- No.: 4
- Distribution/分布: Fix Location
- Potential Impact Factor(Process)/潜在影响因素(制程）: BLY
- Type/类别
(5M1E): Method/法
- Sub-factor/子因数: Lamination module
- Potential RC/潜在根源: XXXXXXXXXXXXXX
- Improvement Action/改进行动: XXXXXXXXXXXXXXX
- Historical investigation report/历史调查报告: Historical investigation report/历史调查报告",
query_1,What is SM94?,1,[26],"image from SM94 M3: Defect picture/缺陷图片 at row 17, column 7.",
query_1,What is SM94?,1,[27],"image from SM94 M3: Defect picture/缺陷图片 at row 17, column 6.",
query_1,What is SM94?,1,[28],"image from SM94 M3: Defect picture/缺陷图片 at row 16, column 3.",
query_1,What is SM94?,1,[29],"image from SM94 M3: Defect picture/缺陷图片 at row 16, column 3.",
query_1,What is SM94?,1,[30],"- Template: Potential RC & YIP/潜在原因及改进
- No.: 4
- Distribution/分布: Fix Location
- Potential Impact Factor(Process)/潜在影响因素(制程）: BLY
- Type/类别
(5M1E): Method/法
- Sub-factor/子因数: Lamination module
- Potential RC/潜在根源: XXXXXXXXXXXXXX
- Improvement Action/改进行动: XXXXXXXXXXXXXXX
- Historical investigation report/历史调查报告: Historical investigation report/历史调查报告",
query_1,What is SM94?,2,[1],"image from SM94 M6: Potential RC & YIP/潜在原因及改进 at row 28, column 6. Related text: 1：Fix Location(QP  level)：UBY：Environment/环境：Uball Jig：Defect mapping/缺陷分布(example)：A long, narrow indentation along the edge of the unit.：Magnetic force caused contact mark：1.Magnetic force distribution optimization and re-start validation for SM94：Historical investigation report/历史调查报告.","SM94 refers to a defect characterized by a **visual discernable depression on the solder resist (SR) surface** [ID:3][ID:14].

Key details regarding SM94 include:

*   **Description:** It is defined as a ""dent"" on the solder resist. In specific modes like M1, it covers all plastic body areas (including SR under BGA/LGA pads) and C4 areas [ID:14]. In mode M3, it describes a ""visual discernable depression"" where the top side SR has a ""tidy and regular unflat"" or undulation [ID:3].
*   **Acceptance Criteria:** An SR dent is acceptable if there is no SR damage, crack, underlying metal exposure, or inner layer deformation/damage, regardless of size. However, it is rejected if the single SR dent is greater than **40 mils** (approx. 1mm) in any direction and visible at POR inspection magnification [ID:15][ID:17].
*   **Rejection Standards:** Specific rejection criteria apply if the dent is on the Plastic Body and exceeds **1mm**, or if it crosses two metal traces and exceeds **1mm** [ID:15][ID:17].
*   **Potential Causes:** The defect can arise from various sources across different processes (SLY, BLY, UBY, LSC, ETS, SXP), including:
    *   Foreign Material (FM) on tables, fixtures, or rubber stages [ID:6][ID:9][ID:13][ID:16].
    *   Magnetic force causing contact marks from jigs (UBY, LSC) [ID:0][ID:4][ID:7].
    *   High temperature recipes leading to ABF bleed-out or undulation (BLY) [ID:1][ID:12].
    *   Inability of SR to fill gaps in areas with dense circuitry or low copper density (SLY) [ID:10][ID:19].
    *   Carrier film abnormalities (SLY) [ID:2]. [1, 2, 3, 4, 5, 6, 7, 8, 9, 10, 11, 12, 13, 14, 15, 16, 17, 18, 19, 20, 21, 22, 23, 24, 25, 26, 27, 28, 29, 30]"
query_1,What is SM94?,2,[2],"- SM94 M3: Potential RC & YIP/潜在原因及改进
- No.: 1
- Distribution/分布: defect at unit edge,and defect units at panel edge
- Potential Impact Factor(Process)/潜在影响因素(制程）: BLY
- Type/类别
(5M1E): Method/法
- Sub-factor/子因数: Lamination module
- Defect mapping/缺陷分布: Defect mapping/缺陷分布
- Defect further description/缺陷深入阐述: Unit edge undulation at full panels edge
- Potential RC/潜在根源: BLY use High Temp recipe then lead to  ABF serious bleed out/undulation on the edge of the panel
- Improvement Action/改进行动: 1.BLY reduce High Temp recipe layer;
2.add Laser trimming to remove ABF bleed out;
- Historical investigation report/历史调查报告: Historical investigation report/历史调查报告",
query_1,What is SM94?,2,[3],"- SM94 M1: Potential RC & YIP/潜在原因及改进
- No.: 5
- Distribution/分布: Random
- Potential Impact Factor(Process)/潜在影响因素(制程）: SLY
- Type/类别
(5M1E): Mateiral/料
- Sub-factor/子因数: Carrier film
- Defect mapping/缺陷分布(example): Defect mapping/缺陷分布(example)
- Defect further description/缺陷深入阐述: dense small dents on unit,random on full panels
- Potential RC/潜在根源: 1.abnormal protrusion or FM in the Carrier film;
2.FM from carrier film
- Improvement Action/改进行动: 1.Carrier film supplier improve film surface performance;
2.Clean FM from carrier film before installation;
3.Clean stage after carrier film installation
- Historical investigation report/历史调查报告: Historical investigation report/历史调查报告",
query_1,What is SM94?,2,[4],"- SM94 M3: Defect Information/缺陷详情
- Defect Information/缺陷详情: Defect Code/缺陷代码：SM94；Defect decription/缺陷描述：Visual discernable depression on the solder resist. Surface.
可辨别的在阻焊上的凹陷.；Mode/模式：M3；Mode description/模式描述：Undulation on Top side SR(tidy and regular unflat)
正面SR有规则性的不平整凹陷；Owner process/责任制程：SLY/BLY；Owner department/责任部门：SRSF/Build Up；Customer/客户：All；Product Group/产品：All( Build Up: IKx)",
query_1,What is SM94?,2,[5],"- SM94 M6: Potential RC & YIP/潜在原因及改进
- No.: 1
- Distribution/分布: Fix Location(QP  level)
- Potential Impact Factor(Process)/潜在影响因素(制程）: UBY
- Type/类别
(5M1E): Environment/环境
- Sub-factor/子因数: Uball Jig
- Defect mapping/缺陷分布(example): Defect mapping/缺陷分布(example)
- Defect further description/缺陷深入阐述: A long, narrow indentation along the edge of the unit.
- Potential RC/潜在根源: Magnetic force caused contact mark
- Improvement Action/改进行动: 1.Magnetic force distribution optimization and re-start validation for SM94

- Historical investigation report/历史调查报告: Historical investigation report/历史调查报告",
query_1,What is SM94?,2,[6],"image from SM94 M1: Potential RC & YIP/潜在原因及改进 at row 28, column 6. Related text: 1：Fix Location(FP Level)：SLY：Environment/环境：SLY Lamination rubber/Flatten stage：Defect mapping/缺陷分布(example)：Dent on fixed location of the full panels.   
The dent on SR surface looks smooth and no broken/scratch/crack：FM attach on rubber/SUS stage etc. which is not easy to remove.Panels touch on the stage/rubber, caused dent.：1.Regular machine PM to clean FM,and to reduce parts abrasion;
2.Collect FM: add sticky paper above and around rubber/SUS stage;
3.Clean FM from rubber/SUS stage towards one direction to avoid contaminate again;
4.Inspect first 2 panels per lot to reduce potential impact scope;
5.Control environment FM by APC chart;：Historical investigation report/历史调查报告.",
query_1,What is SM94?,2,[7],"- SM94 M1: Potential RC & YIP/潜在原因及改进
- No.: 1
- Distribution/分布: Fix Location(FP Level)
- Potential Impact Factor(Process)/潜在影响因素(制程）: SLY
- Type/类别
(5M1E): Environment/环境
- Sub-factor/子因数: SLY Lamination rubber/Flatten stage
- Defect mapping/缺陷分布(example): Defect mapping/缺陷分布(example)
- Defect further description/缺陷深入阐述: Dent on fixed location of the full panels.   
The dent on SR surface looks smooth and no broken/scratch/crack
- Potential RC/潜在根源: FM attach on rubber/SUS stage etc. which is not easy to remove.Panels touch on the stage/rubber, caused dent. 
- Improvement Action/改进行动: 1.Regular machine PM to clean FM,and to reduce parts abrasion;
2.Collect FM: add sticky paper above and around rubber/SUS stage;
3.Clean FM from rubber/SUS stage towards one direction to avoid contaminate again;
4.Inspect first 2 panels per lot to reduce potential impact scope;
5.Control environment FM by APC chart;
- Historical investigation report/历史调查报告: Historical investigation report/历史调查报告",
query_1,What is SM94?,2,[8],"- SM94 M7: Potential RC & YIP/潜在原因及改进
- No.: 1
- Distribution/分布: Fix Location(QP  level)
- Potential Impact Factor(Process)/潜在影响因素(制程）: LSC
- Type/类别
(5M1E): Environment/环境
- Sub-factor/子因数: LSC Jig
- Defect mapping/缺陷分布(example): Defect mapping/缺陷分布(example)
- Defect further description/缺陷深入阐述: A long, narrow indentation along the edge of the unit.
- Potential RC/潜在根源: Magnetic force caused contact mark
- Improvement Action/改进行动: 1.Magnetic force distribution optimization and re-start validation for SM94

- Historical investigation report/历史调查报告: Historical investigation report/历史调查报告",
query_1,What is SM94?,2,[9],"image from SM94 M7: Potential RC & YIP/潜在原因及改进 at row 28, column 6. Related text: 1：Fix Location(QP  level)：LSC：Environment/环境：LSC Jig：Defect mapping/缺陷分布(example)：A long, narrow indentation along the edge of the unit.：Magnetic force caused contact mark：1.Magnetic force distribution optimization and re-start validation for SM94：Historical investigation report/历史调查报告.",
query_1,What is SM94?,2,[10],"- SM94 M1: Potential RC & YIP/潜在原因及改进
- No.: 4
- Distribution/分布: Fix Location(unit level)
- Potential Impact Factor(Process)/潜在影响因素(制程）: ETS
- Type/类别
(5M1E): Environment/环境
- Sub-factor/子因数: Tester fixture
- Defect mapping/缺陷分布(example): Defect mapping/缺陷分布(example)
- Defect further description/缺陷深入阐述: Dent on fixed location of the units   
The dent on SR surface looks not smooth with slight broken/scratch/crack,and looks more white than dent caused SLY/SXP
- Potential RC/潜在根源: FM on E-test fixture
- Improvement Action/改进行动: 1.Modify fixture structure to reduce contact area;
2.first 2 panels and mid-process inspection per lot to reduce potential impact scope;
- Historical investigation report/历史调查报告: Historical investigation report/历史调查报告",
query_1,What is SM94?,2,[11],"image from SM94 M3: Potential RC & YIP/潜在原因及改进 at row 30, column 6. Related text: 2：Fix Location(unit level)：SLY：Method/法：Lamination module：Defect mapping/缺陷分布：Dent on unit fixed area, but random on full panel mapping;：In areas with dense circuitry or very low copper density (such as notch holes or max voids), SR may not be able to fill the gaps.：increase stage2(SUS) pressure, temp or press time;：Historical investigation report/历史调查报告.",
query_1,What is SM94?,2,[12],"image from SM94 M1: Potential RC & YIP/潜在原因及改进 at row 31, column 6. Related text: 4：Fix Location(unit level)：ETS：Environment/环境：Tester fixture：Defect mapping/缺陷分布(example)：Dent on fixed location of the units   
The dent on SR surface looks not smooth with slight broken/scratch/crack,and looks more white than dent caused SLY/SXP：FM on E-test fixture：1.Modify fixture structure to reduce contact area;
2.first 2 panels and mid-process inspection per lot to reduce potential impact scope;：Historical investigation report/历史调查报告.",
query_1,What is SM94?,2,[13],"image from SM94 M3: Potential RC & YIP/潜在原因及改进 at row 29, column 6. Related text: 1：defect at unit edge,and defect units at panel edge：BLY：Method/法：Lamination module：Defect mapping/缺陷分布：Unit edge undulation at full panels edge：BLY use High Temp recipe then lead to  ABF serious bleed out/undulation on the edge of the panel：1.BLY reduce High Temp recipe layer;
2.add Laser trimming to remove ABF bleed out;：Historical investigation report/历史调查报告.",
query_1,What is SM94?,2,[14],"- SM94 M1: Potential RC & YIP/潜在原因及改进
- No.: 2
- Distribution/分布: Fix Location(FP Level)
- Potential Impact Factor(Process)/潜在影响因素(制程）: SXP
- Type/类别
(5M1E): Environment/环境
- Sub-factor/子因数: Exposure  table
- Defect mapping/缺陷分布(example): Defect mapping/缺陷分布(example)
- Defect further description/缺陷深入阐述: Dent on fixed location of the full panels.   
The dent on SR surface looks smooth and no broken/scratch/crack
- Potential RC/潜在根源: FM or SR residue on SXP table
- Improvement Action/改进行动: 1.Control sticky paper peeling frequency to clean SR residue;
2.Regular machine PM to clean FM,and to reduce parts abrasion;
3.Control environment FM by APC chart;
- Historical investigation report/历史调查报告: Historical investigation report/历史调查报告",
query_1,What is SM94?,2,[15],"- SM94 M1: Defect Information/缺陷详情
- Defect Information/缺陷详情: Defect Code/缺陷代码：SM94；Defect decription/缺陷描述：Visual discernable depression on the solder resist. Surface.
可辨别的在阻焊上的凹陷.；Mode/模式：M1；Mode description/模式描述：Dent on all Plastic Body Area (including SR under BGA/LGA Pad) and C4 Area
所有阻焊区域（包含LGA/BGA）SR正反面和C4区域；Owner process/责任制程：SLY；Owner department/责任部门：SRSF；Customer/客户：All；Product Group/产品：All",
query_1,What is SM94?,2,[16],"- SM94 M3: Defect Criteria/缺陷标准
- Defect Criteria/缺陷标准: Reject for single SR dent >40mils in any direction and visible at POR inspection magnification. 凹陷长>1mm且POR倍数下可见.
1)Only the dent on SR  be scraped as SM94.只有阻焊上的凹陷报废代码为SM94.
2) If the defect is dent as FM drop out and  no exposed underlying material should be scraped as SM94.若凹陷为异物掉落且未露底材报废代码为SM94.
3) If The AVI machine  and FI has found defect（dent SM94）need follow below reject standard如果AVI设备和FI目检发现SM94(凹陷）需要参照以下拒绝标准:_x000B_a. The dent on  Plastic Body and >1mm.在大铜面上且>1mm,_x000B_b. The dent cross two metal traces  >1mm. 跨越两条线>1mm_x000B_4)LSC Area reject criterial follow Plastic Body./LSC区域报废标准遵循组焊区规范 
Note:/备注
Accept SR Dent if there is no SR Damage/Crack, No underlying metal expose/inner layer is deformed/damaged regardless of size./如果没有SR 损伤/裂纹可接受SR 凹陷。不允许任意尺寸的暴露金属材料/内层线路变形或损伤",
query_1,What is SM94?,2,[17],"- SM94 M1: Potential RC & YIP/潜在原因及改进
- No.: 3
- Distribution/分布: Fix Location(QP  level)
- Potential Impact Factor(Process)/潜在影响因素(制程）: UBY/LSC
- Type/类别
(5M1E): Environment/环境
- Sub-factor/子因数: BPR,FPR,INR,BOI table
- Defect mapping/缺陷分布(example): Defect mapping/缺陷分布(example)
- Defect further description/缺陷深入阐述: Dent on fixed location of the Quarter panels.   
The dent on SR surface looks not smooth with slight broken/scratch/crack,and looks more white than dent caused SLY/SXP
- Potential RC/潜在根源: FM left on UBY/LSC table
- Improvement Action/改进行动: 1.Regular machine PM to clean FM,and to reduce parts abrasion;
2.Each set up check and clean table;
- Historical investigation report/历史调查报告: Historical investigation report/历史调查报告",
query_1,What is SM94?,2,[18],"- SM94 M1: Defect Criteria/缺陷标准
- Defect Criteria/缺陷标准: Reject for single SR dent >40mils in any direction and visible at POR inspection magnification. 凹陷长>1mm且POR倍数下可见.
1)Only the dent on SR  be scraped as SM94.只有阻焊上的凹陷报废代码为SM94.
2) If the defect is dent as FM drop out and  no exposed underlying material should be scraped as SM94.若凹陷为异物掉落且未露底材报废代码为SM94.
3) If The AVI machine  and FI has found defect（dent SM94）need follow below reject standard如果AVI设备和FI目检发现SM94(凹陷）需要参照以下拒绝标准:_x000B_a. The dent on  Plastic Body and >1mm.在大铜面上且>1mm,_x000B_b. The dent cross two metal traces  >1mm. 跨越两条线>1mm_x000B_4)LSC Area reject criterial follow Plastic Body./LSC区域报废标准遵循组焊区规范 
Note:/备注
Accept SR Dent if there is no SR Damage/Crack, No underlying metal expose/inner layer is deformed/damaged regardless of size./如果没有SR 损伤/裂纹可接受SR 凹陷。不允许任意尺寸的暴露金属材料/内层线路变形或损伤",
query_1,What is SM94?,2,[19],"image from SM94 M1: Potential RC & YIP/潜在原因及改进 at row 29, column 6. Related text: 2：Fix Location(FP Level)：SXP：Environment/环境：Exposure  table：Defect mapping/缺陷分布(example)：Dent on fixed location of the full panels.   
The dent on SR surface looks smooth and no broken/scratch/crack：FM or SR residue on SXP table：1.Control sticky paper peeling frequency to clean SR residue;
2.Regular machine PM to clean FM,and to reduce parts abrasion;
3.Control environment FM by APC chart;：Historical investigation report/历史调查报告.",
query_1,What is SM94?,2,[20],"- SM94 M3: Potential RC & YIP/潜在原因及改进
- No.: 2
- Distribution/分布: Fix Location(unit level)
- Potential Impact Factor(Process)/潜在影响因素(制程）: SLY
- Type/类别
(5M1E): Method/法
- Sub-factor/子因数: Lamination module
- Defect mapping/缺陷分布: Defect mapping/缺陷分布
- Defect further description/缺陷深入阐述: Dent on unit fixed area, but random on full panel mapping;
- Potential RC/潜在根源: In areas with dense circuitry or very low copper density (such as notch holes or max voids), SR may not be able to fill the gaps.
- Improvement Action/改进行动: increase stage2(SUS) pressure, temp or press time;
- Historical investigation report/历史调查报告: Historical investigation report/历史调查报告",
query_1,What is SM94?,2,[21],"image from SM94 M1: Potential RC & YIP/潜在原因及改进 at row 30, column 6. Related text: 3：Fix Location(QP  level)：UBY/LSC：Environment/环境：BPR,FPR,INR,BOI table：Defect mapping/缺陷分布(example)：Dent on fixed location of the Quarter panels.   
The dent on SR surface looks not smooth with slight broken/scratch/crack,and looks more white than dent caused SLY/SXP：FM left on UBY/LSC table：1.Regular machine PM to clean FM,and to reduce parts abrasion;
2.Each set up check and clean table;：Historical investigation report/历史调查报告.",
query_1,What is SM94?,2,[22],"- SM94 M1: Potential RC & YIP/潜在原因及改进
- No.: 1
- Distribution/分布: Fix Location(QP  level)
- Potential Impact Factor(Process)/潜在影响因素(制程）: UBY/LSC
- Type/类别
(5M1E): Environment/环境
- Sub-factor/子因数: BPR,FPR,INR,BOI table
SPR,SPI,CCM table
- Defect mapping/缺陷分布(example): Defect mapping/缺陷分布(example)
- Defect further description/缺陷深入阐述: Dent on fixed location of the Quarter panels.   
The dent on SR surface looks not smooth with slight broken/scratch/crack,and looks more white than dent caused SLY/SXP
- Potential RC/潜在根源: FM left on UBY/LSC table
- Improvement Action/改进行动: 1.Regular machine PM to clean FM,and to reduce parts abrasion;
2.Each set up check and clean table;
- Historical investigation report/历史调查报告: Historical investigation report/历史调查报告",
query_1,What is SM94?,2,[23],"image from SM94 M3: Defect picture/缺陷图片 at row 16, column 1.",
query_1,What is SM94?,2,[24],"image from SM94 M3: Defect picture/缺陷图片 at row 16, column 5.",
query_1,What is SM94?,2,[25],"- Template: Potential RC & YIP/潜在原因及改进
- No.: 4
- Distribution/分布: Fix Location
- Potential Impact Factor(Process)/潜在影响因素(制程）: BLY
- Type/类别
(5M1E): Method/法
- Sub-factor/子因数: Lamination module
- Potential RC/潜在根源: XXXXXXXXXXXXXX
- Improvement Action/改进行动: XXXXXXXXXXXXXXX
- Historical investigation report/历史调查报告: Historical investigation report/历史调查报告",
query_1,What is SM94?,2,[26],"image from SM94 M3: Defect picture/缺陷图片 at row 17, column 7.",
query_1,What is SM94?,2,[27],"image from SM94 M3: Defect picture/缺陷图片 at row 17, column 6.",
query_1,What is SM94?,2,[28],"image from SM94 M3: Defect picture/缺陷图片 at row 16, column 3.",
query_1,What is SM94?,2,[29],"image from SM94 M3: Defect picture/缺陷图片 at row 16, column 3.",
query_1,What is SM94?,2,[30],"- Template: Potential RC & YIP/潜在原因及改进
- No.: 4
- Distribution/分布: Fix Location
- Potential Impact Factor(Process)/潜在影响因素(制程）: BLY
- Type/类别
(5M1E): Method/法
- Sub-factor/子因数: Lamination module
- Potential RC/潜在根源: XXXXXXXXXXXXXX
- Improvement Action/改进行动: XXXXXXXXXXXXXXX
- Historical investigation report/历史调查报告: Historical investigation report/历史调查报告",
query_1,What is SM94?,3,[1],"image from SM94 M6: Potential RC & YIP/潜在原因及改进 at row 28, column 6. Related text: 1：Fix Location(QP  level)：UBY：Environment/环境：Uball Jig：Defect mapping/缺陷分布(example)：A long, narrow indentation along the edge of the unit.：Magnetic force caused contact mark：1.Magnetic force distribution optimization and re-start validation for SM94：Historical investigation report/历史调查报告.","SM94 is a defect code representing a **visual discernable depression on the solder resist (SR) surface** [ID:3][ID:14][ID:29].

Key characteristics and criteria for SM94 include:
*   **Description:** It is defined as a dent or depression visible on the solder resist surface [ID:3][ID:14][ID:29].
*   **Scope:** It applies to all plastic body areas, including the SR under BGA/LGA pads, and C4 areas [ID:14][ID:29].
*   **Rejection Criteria:** A single SR dent is rejected if it is greater than **40 mils** in any direction and visible at POR inspection magnification (equivalent to **>1mm**) [ID:15][ID:17].
    *   Specifically, on the Plastic Body, dents **>1mm** are rejected [ID:15][ID:17].
    *   Dents crossing **two metal traces** that are **>1mm** are rejected [ID:15][ID:17].
*   **Acceptance Conditions:** SR dents are acceptable if there is **no SR damage or crack**, and **no underlying metal is exposed** or inner layer deformed/damaged, regardless of size [ID:15][ID:17].
*   **Exclusions:** If a dent is caused by Foreign Material (FM) drop-out but does not expose underlying material, it is still scraped as SM94 [ID:15][ID:17]. Only dents specifically on the SR are coded as SM94 [ID:15][ID:17].

The defect can occur in various modes (M1, M3, M6, M7) and is associated with different processes such as SLY (Solder Resist), BLY (Build Up Layer), UBY, LSC, and ETS, often caused by factors like foreign material on fixtures, magnetic forces, or lamination issues [ID:0][ID:1][ID:3][ID:4][ID:5][ID:7][ID:9][ID:14][ID:16][ID:19][ID:29]. [1, 2, 3, 4, 5, 6, 7, 8, 9, 10, 11, 12, 13, 14, 15, 16, 17, 18, 19, 20, 21, 22, 23, 24, 25, 26, 27, 28, 29, 30]"
query_1,What is SM94?,3,[2],"- SM94 M3: Potential RC & YIP/潜在原因及改进
- No.: 1
- Distribution/分布: defect at unit edge,and defect units at panel edge
- Potential Impact Factor(Process)/潜在影响因素(制程）: BLY
- Type/类别
(5M1E): Method/法
- Sub-factor/子因数: Lamination module
- Defect mapping/缺陷分布: Defect mapping/缺陷分布
- Defect further description/缺陷深入阐述: Unit edge undulation at full panels edge
- Potential RC/潜在根源: BLY use High Temp recipe then lead to  ABF serious bleed out/undulation on the edge of the panel
- Improvement Action/改进行动: 1.BLY reduce High Temp recipe layer;
2.add Laser trimming to remove ABF bleed out;
- Historical investigation report/历史调查报告: Historical investigation report/历史调查报告",
query_1,What is SM94?,3,[3],"- SM94 M1: Potential RC & YIP/潜在原因及改进
- No.: 5
- Distribution/分布: Random
- Potential Impact Factor(Process)/潜在影响因素(制程）: SLY
- Type/类别
(5M1E): Mateiral/料
- Sub-factor/子因数: Carrier film
- Defect mapping/缺陷分布(example): Defect mapping/缺陷分布(example)
- Defect further description/缺陷深入阐述: dense small dents on unit,random on full panels
- Potential RC/潜在根源: 1.abnormal protrusion or FM in the Carrier film;
2.FM from carrier film
- Improvement Action/改进行动: 1.Carrier film supplier improve film surface performance;
2.Clean FM from carrier film before installation;
3.Clean stage after carrier film installation
- Historical investigation report/历史调查报告: Historical investigation report/历史调查报告",
query_1,What is SM94?,3,[4],"- SM94 M3: Defect Information/缺陷详情
- Defect Information/缺陷详情: Defect Code/缺陷代码：SM94；Defect decription/缺陷描述：Visual discernable depression on the solder resist. Surface.
可辨别的在阻焊上的凹陷.；Mode/模式：M3；Mode description/模式描述：Undulation on Top side SR(tidy and regular unflat)
正面SR有规则性的不平整凹陷；Owner process/责任制程：SLY/BLY；Owner department/责任部门：SRSF/Build Up；Customer/客户：All；Product Group/产品：All( Build Up: IKx)",
query_1,What is SM94?,3,[5],"- SM94 M6: Potential RC & YIP/潜在原因及改进
- No.: 1
- Distribution/分布: Fix Location(QP  level)
- Potential Impact Factor(Process)/潜在影响因素(制程）: UBY
- Type/类别
(5M1E): Environment/环境
- Sub-factor/子因数: Uball Jig
- Defect mapping/缺陷分布(example): Defect mapping/缺陷分布(example)
- Defect further description/缺陷深入阐述: A long, narrow indentation along the edge of the unit.
- Potential RC/潜在根源: Magnetic force caused contact mark
- Improvement Action/改进行动: 1.Magnetic force distribution optimization and re-start validation for SM94

- Historical investigation report/历史调查报告: Historical investigation report/历史调查报告",
query_1,What is SM94?,3,[6],"image from SM94 M1: Potential RC & YIP/潜在原因及改进 at row 28, column 6. Related text: 1：Fix Location(FP Level)：SLY：Environment/环境：SLY Lamination rubber/Flatten stage：Defect mapping/缺陷分布(example)：Dent on fixed location of the full panels.   
The dent on SR surface looks smooth and no broken/scratch/crack：FM attach on rubber/SUS stage etc. which is not easy to remove.Panels touch on the stage/rubber, caused dent.：1.Regular machine PM to clean FM,and to reduce parts abrasion;
2.Collect FM: add sticky paper above and around rubber/SUS stage;
3.Clean FM from rubber/SUS stage towards one direction to avoid contaminate again;
4.Inspect first 2 panels per lot to reduce potential impact scope;
5.Control environment FM by APC chart;：Historical investigation report/历史调查报告.",
query_1,What is SM94?,3,[7],"- SM94 M1: Potential RC & YIP/潜在原因及改进
- No.: 1
- Distribution/分布: Fix Location(FP Level)
- Potential Impact Factor(Process)/潜在影响因素(制程）: SLY
- Type/类别
(5M1E): Environment/环境
- Sub-factor/子因数: SLY Lamination rubber/Flatten stage
- Defect mapping/缺陷分布(example): Defect mapping/缺陷分布(example)
- Defect further description/缺陷深入阐述: Dent on fixed location of the full panels.   
The dent on SR surface looks smooth and no broken/scratch/crack
- Potential RC/潜在根源: FM attach on rubber/SUS stage etc. which is not easy to remove.Panels touch on the stage/rubber, caused dent. 
- Improvement Action/改进行动: 1.Regular machine PM to clean FM,and to reduce parts abrasion;
2.Collect FM: add sticky paper above and around rubber/SUS stage;
3.Clean FM from rubber/SUS stage towards one direction to avoid contaminate again;
4.Inspect first 2 panels per lot to reduce potential impact scope;
5.Control environment FM by APC chart;
- Historical investigation report/历史调查报告: Historical investigation report/历史调查报告",
query_1,What is SM94?,3,[8],"- SM94 M7: Potential RC & YIP/潜在原因及改进
- No.: 1
- Distribution/分布: Fix Location(QP  level)
- Potential Impact Factor(Process)/潜在影响因素(制程）: LSC
- Type/类别
(5M1E): Environment/环境
- Sub-factor/子因数: LSC Jig
- Defect mapping/缺陷分布(example): Defect mapping/缺陷分布(example)
- Defect further description/缺陷深入阐述: A long, narrow indentation along the edge of the unit.
- Potential RC/潜在根源: Magnetic force caused contact mark
- Improvement Action/改进行动: 1.Magnetic force distribution optimization and re-start validation for SM94

- Historical investigation report/历史调查报告: Historical investigation report/历史调查报告",
query_1,What is SM94?,3,[9],"image from SM94 M7: Potential RC & YIP/潜在原因及改进 at row 28, column 6. Related text: 1：Fix Location(QP  level)：LSC：Environment/环境：LSC Jig：Defect mapping/缺陷分布(example)：A long, narrow indentation along the edge of the unit.：Magnetic force caused contact mark：1.Magnetic force distribution optimization and re-start validation for SM94：Historical investigation report/历史调查报告.",
query_1,What is SM94?,3,[10],"- SM94 M1: Potential RC & YIP/潜在原因及改进
- No.: 4
- Distribution/分布: Fix Location(unit level)
- Potential Impact Factor(Process)/潜在影响因素(制程）: ETS
- Type/类别
(5M1E): Environment/环境
- Sub-factor/子因数: Tester fixture
- Defect mapping/缺陷分布(example): Defect mapping/缺陷分布(example)
- Defect further description/缺陷深入阐述: Dent on fixed location of the units   
The dent on SR surface looks not smooth with slight broken/scratch/crack,and looks more white than dent caused SLY/SXP
- Potential RC/潜在根源: FM on E-test fixture
- Improvement Action/改进行动: 1.Modify fixture structure to reduce contact area;
2.first 2 panels and mid-process inspection per lot to reduce potential impact scope;
- Historical investigation report/历史调查报告: Historical investigation report/历史调查报告",
query_1,What is SM94?,3,[11],"image from SM94 M3: Potential RC & YIP/潜在原因及改进 at row 30, column 6. Related text: 2：Fix Location(unit level)：SLY：Method/法：Lamination module：Defect mapping/缺陷分布：Dent on unit fixed area, but random on full panel mapping;：In areas with dense circuitry or very low copper density (such as notch holes or max voids), SR may not be able to fill the gaps.：increase stage2(SUS) pressure, temp or press time;：Historical investigation report/历史调查报告.",
query_1,What is SM94?,3,[12],"image from SM94 M1: Potential RC & YIP/潜在原因及改进 at row 31, column 6. Related text: 4：Fix Location(unit level)：ETS：Environment/环境：Tester fixture：Defect mapping/缺陷分布(example)：Dent on fixed location of the units   
The dent on SR surface looks not smooth with slight broken/scratch/crack,and looks more white than dent caused SLY/SXP：FM on E-test fixture：1.Modify fixture structure to reduce contact area;
2.first 2 panels and mid-process inspection per lot to reduce potential impact scope;：Historical investigation report/历史调查报告.",
query_1,What is SM94?,3,[13],"image from SM94 M3: Potential RC & YIP/潜在原因及改进 at row 29, column 6. Related text: 1：defect at unit edge,and defect units at panel edge：BLY：Method/法：Lamination module：Defect mapping/缺陷分布：Unit edge undulation at full panels edge：BLY use High Temp recipe then lead to  ABF serious bleed out/undulation on the edge of the panel：1.BLY reduce High Temp recipe layer;
2.add Laser trimming to remove ABF bleed out;：Historical investigation report/历史调查报告.",
query_1,What is SM94?,3,[14],"- SM94 M1: Potential RC & YIP/潜在原因及改进
- No.: 2
- Distribution/分布: Fix Location(FP Level)
- Potential Impact Factor(Process)/潜在影响因素(制程）: SXP
- Type/类别
(5M1E): Environment/环境
- Sub-factor/子因数: Exposure  table
- Defect mapping/缺陷分布(example): Defect mapping/缺陷分布(example)
- Defect further description/缺陷深入阐述: Dent on fixed location of the full panels.   
The dent on SR surface looks smooth and no broken/scratch/crack
- Potential RC/潜在根源: FM or SR residue on SXP table
- Improvement Action/改进行动: 1.Control sticky paper peeling frequency to clean SR residue;
2.Regular machine PM to clean FM,and to reduce parts abrasion;
3.Control environment FM by APC chart;
- Historical investigation report/历史调查报告: Historical investigation report/历史调查报告",
query_1,What is SM94?,3,[15],"- SM94 M1: Defect Information/缺陷详情
- Defect Information/缺陷详情: Defect Code/缺陷代码：SM94；Defect decription/缺陷描述：Visual discernable depression on the solder resist. Surface.
可辨别的在阻焊上的凹陷.；Mode/模式：M1；Mode description/模式描述：Dent on all Plastic Body Area (including SR under BGA/LGA Pad) and C4 Area
所有阻焊区域（包含LGA/BGA）SR正反面和C4区域；Owner process/责任制程：SLY；Owner department/责任部门：SRSF；Customer/客户：All；Product Group/产品：All",
query_1,What is SM94?,3,[16],"- SM94 M3: Defect Criteria/缺陷标准
- Defect Criteria/缺陷标准: Reject for single SR dent >40mils in any direction and visible at POR inspection magnification. 凹陷长>1mm且POR倍数下可见.
1)Only the dent on SR  be scraped as SM94.只有阻焊上的凹陷报废代码为SM94.
2) If the defect is dent as FM drop out and  no exposed underlying material should be scraped as SM94.若凹陷为异物掉落且未露底材报废代码为SM94.
3) If The AVI machine  and FI has found defect（dent SM94）need follow below reject standard如果AVI设备和FI目检发现SM94(凹陷）需要参照以下拒绝标准:_x000B_a. The dent on  Plastic Body and >1mm.在大铜面上且>1mm,_x000B_b. The dent cross two metal traces  >1mm. 跨越两条线>1mm_x000B_4)LSC Area reject criterial follow Plastic Body./LSC区域报废标准遵循组焊区规范 
Note:/备注
Accept SR Dent if there is no SR Damage/Crack, No underlying metal expose/inner layer is deformed/damaged regardless of size./如果没有SR 损伤/裂纹可接受SR 凹陷。不允许任意尺寸的暴露金属材料/内层线路变形或损伤",
query_1,What is SM94?,3,[17],"- SM94 M1: Potential RC & YIP/潜在原因及改进
- No.: 3
- Distribution/分布: Fix Location(QP  level)
- Potential Impact Factor(Process)/潜在影响因素(制程）: UBY/LSC
- Type/类别
(5M1E): Environment/环境
- Sub-factor/子因数: BPR,FPR,INR,BOI table
- Defect mapping/缺陷分布(example): Defect mapping/缺陷分布(example)
- Defect further description/缺陷深入阐述: Dent on fixed location of the Quarter panels.   
The dent on SR surface looks not smooth with slight broken/scratch/crack,and looks more white than dent caused SLY/SXP
- Potential RC/潜在根源: FM left on UBY/LSC table
- Improvement Action/改进行动: 1.Regular machine PM to clean FM,and to reduce parts abrasion;
2.Each set up check and clean table;
- Historical investigation report/历史调查报告: Historical investigation report/历史调查报告",
query_1,What is SM94?,3,[18],"- SM94 M1: Defect Criteria/缺陷标准
- Defect Criteria/缺陷标准: Reject for single SR dent >40mils in any direction and visible at POR inspection magnification. 凹陷长>1mm且POR倍数下可见.
1)Only the dent on SR  be scraped as SM94.只有阻焊上的凹陷报废代码为SM94.
2) If the defect is dent as FM drop out and  no exposed underlying material should be scraped as SM94.若凹陷为异物掉落且未露底材报废代码为SM94.
3) If The AVI machine  and FI has found defect（dent SM94）need follow below reject standard如果AVI设备和FI目检发现SM94(凹陷）需要参照以下拒绝标准:_x000B_a. The dent on  Plastic Body and >1mm.在大铜面上且>1mm,_x000B_b. The dent cross two metal traces  >1mm. 跨越两条线>1mm_x000B_4)LSC Area reject criterial follow Plastic Body./LSC区域报废标准遵循组焊区规范 
Note:/备注
Accept SR Dent if there is no SR Damage/Crack, No underlying metal expose/inner layer is deformed/damaged regardless of size./如果没有SR 损伤/裂纹可接受SR 凹陷。不允许任意尺寸的暴露金属材料/内层线路变形或损伤",
query_1,What is SM94?,3,[19],"image from SM94 M1: Potential RC & YIP/潜在原因及改进 at row 29, column 6. Related text: 2：Fix Location(FP Level)：SXP：Environment/环境：Exposure  table：Defect mapping/缺陷分布(example)：Dent on fixed location of the full panels.   
The dent on SR surface looks smooth and no broken/scratch/crack：FM or SR residue on SXP table：1.Control sticky paper peeling frequency to clean SR residue;
2.Regular machine PM to clean FM,and to reduce parts abrasion;
3.Control environment FM by APC chart;：Historical investigation report/历史调查报告.",
query_1,What is SM94?,3,[20],"- SM94 M3: Potential RC & YIP/潜在原因及改进
- No.: 2
- Distribution/分布: Fix Location(unit level)
- Potential Impact Factor(Process)/潜在影响因素(制程）: SLY
- Type/类别
(5M1E): Method/法
- Sub-factor/子因数: Lamination module
- Defect mapping/缺陷分布: Defect mapping/缺陷分布
- Defect further description/缺陷深入阐述: Dent on unit fixed area, but random on full panel mapping;
- Potential RC/潜在根源: In areas with dense circuitry or very low copper density (such as notch holes or max voids), SR may not be able to fill the gaps.
- Improvement Action/改进行动: increase stage2(SUS) pressure, temp or press time;
- Historical investigation report/历史调查报告: Historical investigation report/历史调查报告",
query_1,What is SM94?,3,[21],"image from SM94 M1: Potential RC & YIP/潜在原因及改进 at row 30, column 6. Related text: 3：Fix Location(QP  level)：UBY/LSC：Environment/环境：BPR,FPR,INR,BOI table：Defect mapping/缺陷分布(example)：Dent on fixed location of the Quarter panels.   
The dent on SR surface looks not smooth with slight broken/scratch/crack,and looks more white than dent caused SLY/SXP：FM left on UBY/LSC table：1.Regular machine PM to clean FM,and to reduce parts abrasion;
2.Each set up check and clean table;：Historical investigation report/历史调查报告.",
query_1,What is SM94?,3,[22],"- SM94 M1: Potential RC & YIP/潜在原因及改进
- No.: 1
- Distribution/分布: Fix Location(QP  level)
- Potential Impact Factor(Process)/潜在影响因素(制程）: UBY/LSC
- Type/类别
(5M1E): Environment/环境
- Sub-factor/子因数: BPR,FPR,INR,BOI table
SPR,SPI,CCM table
- Defect mapping/缺陷分布(example): Defect mapping/缺陷分布(example)
- Defect further description/缺陷深入阐述: Dent on fixed location of the Quarter panels.   
The dent on SR surface looks not smooth with slight broken/scratch/crack,and looks more white than dent caused SLY/SXP
- Potential RC/潜在根源: FM left on UBY/LSC table
- Improvement Action/改进行动: 1.Regular machine PM to clean FM,and to reduce parts abrasion;
2.Each set up check and clean table;
- Historical investigation report/历史调查报告: Historical investigation report/历史调查报告",
query_1,What is SM94?,3,[23],"image from SM94 M3: Defect picture/缺陷图片 at row 16, column 1.",
query_1,What is SM94?,3,[24],"image from SM94 M3: Defect picture/缺陷图片 at row 16, column 5.",
query_1,What is SM94?,3,[25],"- Template: Potential RC & YIP/潜在原因及改进
- No.: 4
- Distribution/分布: Fix Location
- Potential Impact Factor(Process)/潜在影响因素(制程）: BLY
- Type/类别
(5M1E): Method/法
- Sub-factor/子因数: Lamination module
- Potential RC/潜在根源: XXXXXXXXXXXXXX
- Improvement Action/改进行动: XXXXXXXXXXXXXXX
- Historical investigation report/历史调查报告: Historical investigation report/历史调查报告",
query_1,What is SM94?,3,[26],"image from SM94 M3: Defect picture/缺陷图片 at row 17, column 7.",
query_1,What is SM94?,3,[27],"image from SM94 M3: Defect picture/缺陷图片 at row 17, column 6.",
query_1,What is SM94?,3,[28],"image from SM94 M3: Defect picture/缺陷图片 at row 16, column 3.",
query_1,What is SM94?,3,[29],"image from SM94 M3: Defect picture/缺陷图片 at row 16, column 3.",
query_1,What is SM94?,3,[30],"- SM94 M6: Defect Information/缺陷详情
- Defect Information/缺陷详情: Defect Code/缺陷代码：SM94；Defect decription/缺陷描述：Visual discernable depression on the solder resist. Surface.
可辨别的在阻焊上的凹陷.；Mode/模式：M1；Mode description/模式描述：Dent on all Plastic Body Area (including SR under BGA/LGA Pad) and C4 Area
所有阻焊区域（包含LGA/BGA）SR正反面和C4区域；Owner process/责任制程：LSC/UBY/ETS；Owner department/责任部门：Assy；Customer/客户：All；Product Group/产品：All",
query_2,Please provide the detailed root cause of SM94 M3.,1,[1],"- SM94 M3: Potential RC & YIP/潜在原因及改进
- No.: 1
- Distribution/分布: defect at unit edge,and defect units at panel edge
- Potential Impact Factor(Process)/潜在影响因素(制程）: BLY
- Type/类别
(5M1E): Method/法
- Sub-factor/子因数: Lamination module
- Defect mapping/缺陷分布: Defect mapping/缺陷分布
- Defect further description/缺陷深入阐述: Unit edge undulation at full panels edge
- Potential RC/潜在根源: BLY use High Temp recipe then lead to  ABF serious bleed out/undulation on the edge of the panel
- Improvement Action/改进行动: 1.BLY reduce High Temp recipe layer;
2.add Laser trimming to remove ABF bleed out;
- Historical investigation report/历史调查报告: Historical investigation report/历史调查报告","Based on the provided knowledge base, there are multiple potential root causes (RC) identified for the SM94 M3 defect, depending on the specific distribution pattern and process factor involved:

1.  **Unit Edge Undulation (BLY Process):** For defects characterized by undulation at the unit edge and defect units at the panel edge, the root cause is identified as the BLY process using a High Temperature recipe, which leads to serious ABF bleed-out and undulation on the edge of the panel [ID:0][ID:8].

2.  **Dents in Fixed Unit Areas (SLY Process):** For defects appearing as dents on a fixed area of the unit (though random on the full panel), the root cause is that in areas with dense circuitry or very low copper density (such as notch holes or max voids), the Solder Resist (SR) may not be able to fill the gaps [ID:7][ID:12].

3.  **General Defect Description:** The defect is generally described as a visual discernable depression on the solder resist surface, with the mode described as undulation on the top side SR (tidy and regular unflat), and the responsible processes are identified as SLY and BLY [ID:14]. [1, 2, 3, 4, 5, 6, 7, 8, 9, 10, 11, 12, 13, 14, 15, 16, 17, 18, 19, 20, 21, 22]"
query_2,Please provide the detailed root cause of SM94 M3.,1,[2],"- CU64 M3: Potential RC & YIP/潜在原因及改进
- No.: 1
- Distribution/分布: Column
- Potential Impact Factor(Process)/潜在影响因素(制程）: ADP/PAR
- Type/类别
(5M1E): Machine/机
- Sub-factor/子因数: Roller shift
- Defect mapping/缺陷分布: Defect mapping/缺陷分布
- Defect further description/缺陷深入阐述: 1.The direction of the trace lifting match the direction of panel production in the tool
2. Defect maping normmaly is fix column on the B side 
- Potential RC/潜在根源: Roller shift, contacting the panel graphic area
- Improvement Action/改进行动: 1.Production arrange 1 lot/day to scan inline monitor
2.MNT daily check roller performance
3.Outgoing material inspection 2lots/per shift
- Historical investigation report/历史调查报告: Historical investigation report/历史调查报告",
query_2,Please provide the detailed root cause of SM94 M3.,1,[3],"- SM94 M1: Potential RC & YIP/潜在原因及改进
- No.: 3
- Distribution/分布: Fix Location(QP  level)
- Potential Impact Factor(Process)/潜在影响因素(制程）: UBY/LSC
- Type/类别
(5M1E): Environment/环境
- Sub-factor/子因数: BPR,FPR,INR,BOI table
- Defect mapping/缺陷分布(example): Defect mapping/缺陷分布(example)
- Defect further description/缺陷深入阐述: Dent on fixed location of the Quarter panels.   
The dent on SR surface looks not smooth with slight broken/scratch/crack,and looks more white than dent caused SLY/SXP
- Potential RC/潜在根源: FM left on UBY/LSC table
- Improvement Action/改进行动: 1.Regular machine PM to clean FM,and to reduce parts abrasion;
2.Each set up check and clean table;
- Historical investigation report/历史调查报告: Historical investigation report/历史调查报告",
query_2,Please provide the detailed root cause of SM94 M3.,1,[4],"- SM94 M1: Potential RC & YIP/潜在原因及改进
- No.: 2
- Distribution/分布: Fix Location(FP Level)
- Potential Impact Factor(Process)/潜在影响因素(制程）: SXP
- Type/类别
(5M1E): Environment/环境
- Sub-factor/子因数: Exposure  table
- Defect mapping/缺陷分布(example): Defect mapping/缺陷分布(example)
- Defect further description/缺陷深入阐述: Dent on fixed location of the full panels.   
The dent on SR surface looks smooth and no broken/scratch/crack
- Potential RC/潜在根源: FM or SR residue on SXP table
- Improvement Action/改进行动: 1.Control sticky paper peeling frequency to clean SR residue;
2.Regular machine PM to clean FM,and to reduce parts abrasion;
3.Control environment FM by APC chart;
- Historical investigation report/历史调查报告: Historical investigation report/历史调查报告",
query_2,Please provide the detailed root cause of SM94 M3.,1,[5],"- SM94 M1: Potential RC & YIP/潜在原因及改进
- No.: 5
- Distribution/分布: Random
- Potential Impact Factor(Process)/潜在影响因素(制程）: SLY
- Type/类别
(5M1E): Mateiral/料
- Sub-factor/子因数: Carrier film
- Defect mapping/缺陷分布(example): Defect mapping/缺陷分布(example)
- Defect further description/缺陷深入阐述: dense small dents on unit,random on full panels
- Potential RC/潜在根源: 1.abnormal protrusion or FM in the Carrier film;
2.FM from carrier film
- Improvement Action/改进行动: 1.Carrier film supplier improve film surface performance;
2.Clean FM from carrier film before installation;
3.Clean stage after carrier film installation
- Historical investigation report/历史调查报告: Historical investigation report/历史调查报告",
query_2,Please provide the detailed root cause of SM94 M3.,1,[6],"- SM94 M1: Potential RC & YIP/潜在原因及改进
- No.: 1
- Distribution/分布: Fix Location(FP Level)
- Potential Impact Factor(Process)/潜在影响因素(制程）: SLY
- Type/类别
(5M1E): Environment/环境
- Sub-factor/子因数: SLY Lamination rubber/Flatten stage
- Defect mapping/缺陷分布(example): Defect mapping/缺陷分布(example)
- Defect further description/缺陷深入阐述: Dent on fixed location of the full panels.   
The dent on SR surface looks smooth and no broken/scratch/crack
- Potential RC/潜在根源: FM attach on rubber/SUS stage etc. which is not easy to remove.Panels touch on the stage/rubber, caused dent. 
- Improvement Action/改进行动: 1.Regular machine PM to clean FM,and to reduce parts abrasion;
2.Collect FM: add sticky paper above and around rubber/SUS stage;
3.Clean FM from rubber/SUS stage towards one direction to avoid contaminate again;
4.Inspect first 2 panels per lot to reduce potential impact scope;
5.Control environment FM by APC chart;
- Historical investigation report/历史调查报告: Historical investigation report/历史调查报告",
query_2,Please provide the detailed root cause of SM94 M3.,1,[7],"- SM94 M1: Potential RC & YIP/潜在原因及改进
- No.: 4
- Distribution/分布: Fix Location(unit level)
- Potential Impact Factor(Process)/潜在影响因素(制程）: ETS
- Type/类别
(5M1E): Environment/环境
- Sub-factor/子因数: Tester fixture
- Defect mapping/缺陷分布(example): Defect mapping/缺陷分布(example)
- Defect further description/缺陷深入阐述: Dent on fixed location of the units   
The dent on SR surface looks not smooth with slight broken/scratch/crack,and looks more white than dent caused SLY/SXP
- Potential RC/潜在根源: FM on E-test fixture
- Improvement Action/改进行动: 1.Modify fixture structure to reduce contact area;
2.first 2 panels and mid-process inspection per lot to reduce potential impact scope;
- Historical investigation report/历史调查报告: Historical investigation report/历史调查报告",
query_2,Please provide the detailed root cause of SM94 M3.,1,[8],"image from SM94 M3: Potential RC & YIP/潜在原因及改进 at row 30, column 6. Related text: 2：Fix Location(unit level)：SLY：Method/法：Lamination module：Defect mapping/缺陷分布：Dent on unit fixed area, but random on full panel mapping;：In areas with dense circuitry or very low copper density (such as notch holes or max voids), SR may not be able to fill the gaps.：increase stage2(SUS) pressure, temp or press time;：Historical investigation report/历史调查报告.",
query_2,Please provide the detailed root cause of SM94 M3.,1,[9],"image from SM94 M3: Potential RC & YIP/潜在原因及改进 at row 29, column 6. Related text: 1：defect at unit edge,and defect units at panel edge：BLY：Method/法：Lamination module：Defect mapping/缺陷分布：Unit edge undulation at full panels edge：BLY use High Temp recipe then lead to  ABF serious bleed out/undulation on the edge of the panel：1.BLY reduce High Temp recipe layer;
2.add Laser trimming to remove ABF bleed out;：Historical investigation report/历史调查报告.",
query_2,Please provide the detailed root cause of SM94 M3.,1,[10],"image from AU41 M3: Potential RC & YIP/潜在原因及改进 at row 29, column 6. Related text: 1：Random：ENEPIG：Mateiral/料：SR  residue on Pad surface：Defect mapping/缺陷分布：Pad discoloration, impacted large area, can not be removed, RC is SR residue, caused by SR Dev, Under the magnifying glass, it is confirmed that there is obvious unevenness
pad变色，大面积受影响，洗不掉，RC是SR残留物，由SR Dev引起，放大镜下确认有明显的凹凸不平：Long Q_Time or over cure cause film/Ink can't  be removed  by SR Dev：1. define Lam to SXP Q_Time limit.
2. define Lam over cure re_work flow.
3.Add SLY offline alarm function for machine stop：SRSF - Au41  M3 History Report-001.",
query_2,Please provide the detailed root cause of SM94 M3.,1,[11],"- CU64 M3: Potential RC & YIP/潜在原因及改进
- No.: 2
- Distribution/分布: Column
- Potential Impact Factor(Process)/潜在影响因素(制程）: ADP/PAR/APC
- Type/类别
(5M1E): Machine/机
- Sub-factor/子因数: unloader Hirata shutter
- Defect mapping/缺陷分布: Defect mapping/缺陷分布
- Defect further description/缺陷深入阐述: 
Defect maping normmaly is fix column on the B side 
- Potential RC/潜在根源: 3D printed forks are not durable and are easily worn out,wear fork touch the panel when moving caused trace lifting
- Improvement Action/改进行动: Use the original factory fork
- Historical investigation report/历史调查报告: Buildup-CU64 M3 History Report",
query_2,Please provide the detailed root cause of SM94 M3.,1,[12],"- SM94 M6: Potential RC & YIP/潜在原因及改进
- No.: 1
- Distribution/分布: Fix Location(QP  level)
- Potential Impact Factor(Process)/潜在影响因素(制程）: UBY
- Type/类别
(5M1E): Environment/环境
- Sub-factor/子因数: Uball Jig
- Defect mapping/缺陷分布(example): Defect mapping/缺陷分布(example)
- Defect further description/缺陷深入阐述: A long, narrow indentation along the edge of the unit.
- Potential RC/潜在根源: Magnetic force caused contact mark
- Improvement Action/改进行动: 1.Magnetic force distribution optimization and re-start validation for SM94

- Historical investigation report/历史调查报告: Historical investigation report/历史调查报告",
query_2,Please provide the detailed root cause of SM94 M3.,1,[13],"- SM94 M3: Potential RC & YIP/潜在原因及改进
- No.: 2
- Distribution/分布: Fix Location(unit level)
- Potential Impact Factor(Process)/潜在影响因素(制程）: SLY
- Type/类别
(5M1E): Method/法
- Sub-factor/子因数: Lamination module
- Defect mapping/缺陷分布: Defect mapping/缺陷分布
- Defect further description/缺陷深入阐述: Dent on unit fixed area, but random on full panel mapping;
- Potential RC/潜在根源: In areas with dense circuitry or very low copper density (such as notch holes or max voids), SR may not be able to fill the gaps.
- Improvement Action/改进行动: increase stage2(SUS) pressure, temp or press time;
- Historical investigation report/历史调查报告: Historical investigation report/历史调查报告",
query_2,Please provide the detailed root cause of SM94 M3.,1,[14],"- SM94 M7: Potential RC & YIP/潜在原因及改进
- No.: 1
- Distribution/分布: Fix Location(QP  level)
- Potential Impact Factor(Process)/潜在影响因素(制程）: LSC
- Type/类别
(5M1E): Environment/环境
- Sub-factor/子因数: LSC Jig
- Defect mapping/缺陷分布(example): Defect mapping/缺陷分布(example)
- Defect further description/缺陷深入阐述: A long, narrow indentation along the edge of the unit.
- Potential RC/潜在根源: Magnetic force caused contact mark
- Improvement Action/改进行动: 1.Magnetic force distribution optimization and re-start validation for SM94

- Historical investigation report/历史调查报告: Historical investigation report/历史调查报告",
query_2,Please provide the detailed root cause of SM94 M3.,1,[15],"- SM94 M3: Defect Information/缺陷详情
- Defect Information/缺陷详情: Defect Code/缺陷代码：SM94；Defect decription/缺陷描述：Visual discernable depression on the solder resist. Surface.
可辨别的在阻焊上的凹陷.；Mode/模式：M3；Mode description/模式描述：Undulation on Top side SR(tidy and regular unflat)
正面SR有规则性的不平整凹陷；Owner process/责任制程：SLY/BLY；Owner department/责任部门：SRSF/Build Up；Customer/客户：All；Product Group/产品：All( Build Up: IKx)",
query_2,Please provide the detailed root cause of SM94 M3.,1,[16],"image from SM94 M1: Potential RC & YIP/潜在原因及改进 at row 28, column 6. Related text: 1：Fix Location(FP Level)：SLY：Environment/环境：SLY Lamination rubber/Flatten stage：Defect mapping/缺陷分布(example)：Dent on fixed location of the full panels.   
The dent on SR surface looks smooth and no broken/scratch/crack：FM attach on rubber/SUS stage etc. which is not easy to remove.Panels touch on the stage/rubber, caused dent.：1.Regular machine PM to clean FM,and to reduce parts abrasion;
2.Collect FM: add sticky paper above and around rubber/SUS stage;
3.Clean FM from rubber/SUS stage towards one direction to avoid contaminate again;
4.Inspect first 2 panels per lot to reduce potential impact scope;
5.Control environment FM by APC chart;：Historical investigation report/历史调查报告.",
query_2,Please provide the detailed root cause of SM94 M3.,1,[17],"image from CU64 M3: Potential RC & YIP/潜在原因及改进 at row 30, column 6. Related text: 2：Column：ADP/PAR/APC：Machine/机：unloader Hirata shutter：Defect mapping/缺陷分布：Defect maping normmaly is fix column on the B side：3D printed forks are not durable and are easily worn out,wear fork touch the panel when moving caused trace lifting：Use the original factory fork：Buildup-CU64 M3 History Report.",
query_2,Please provide the detailed root cause of SM94 M3.,1,[18],"image from SM94 M6: Potential RC & YIP/潜在原因及改进 at row 28, column 6. Related text: 1：Fix Location(QP  level)：UBY：Environment/环境：Uball Jig：Defect mapping/缺陷分布(example)：A long, narrow indentation along the edge of the unit.：Magnetic force caused contact mark：1.Magnetic force distribution optimization and re-start validation for SM94：Historical investigation report/历史调查报告.",
query_2,Please provide the detailed root cause of SM94 M3.,1,[19],"- AU41 M3: Potential RC & YIP/潜在原因及改进
- No.: 1
- Distribution/分布: Random
- Potential Impact Factor(Process)/潜在影响因素(制程）: ENEPIG
- Type/类别
(5M1E): Mateiral/料
- Sub-factor/子因数: SR  residue on Pad surface
- Defect mapping/缺陷分布: Defect mapping/缺陷分布
- Defect further description/缺陷深入阐述: Pad discoloration, impacted large area, can not be removed, RC is SR residue, caused by SR Dev, Under the magnifying glass, it is confirmed that there is obvious unevenness
pad变色，大面积受影响，洗不掉，RC是SR残留物，由SR Dev引起，放大镜下确认有明显的凹凸不平
- Potential RC/潜在根源: Long Q_Time or over cure cause film/Ink can't  be removed  by SR Dev
- Improvement Action/改进行动: 1. define Lam to SXP Q_Time limit.
2. define Lam over cure re_work flow.
3.Add SLY offline alarm function for machine stop
- Historical investigation report/历史调查报告: SRSF - Au41  M3 History Report-001",
query_2,Please provide the detailed root cause of SM94 M3.,1,[20],"image from CU64 M3: Defect picture/缺陷图片 at row 16, column 2.",
query_2,Please provide the detailed root cause of SM94 M3.,1,[21],"- Example: Potential RC & YIP/潜在原因及改进
- No.: 1
- Distribution/分布: Unit edge
- Potential Impact Factor（Process)/潜在影响因素: FI
- Type/类别
(5M1E): Man/人
- Sub-factor/子因数: Unit is out of pocket, unit cracks by pressure.
- Potential RC/潜在根源: RC it’s related with OOP issue,SR crack or SR crack and FM on the surface.
由于OOP 问题导致,SR 表面裂开或者SR 表面裂开且FM 残留在表面
- Improvement Action/改进行动: Train operator and update PI to make alll units put within pocket before stack/flip trays. 培训员工在叠盘或者翻盘前，让所有产品完整放在栅格内。
- Historical investigation report/历史调查报告: Historical investigation report/历史调查报告",
query_2,Please provide the detailed root cause of SM94 M3.,1,[22],"image from SM94 M1: Potential RC & YIP/潜在原因及改进 at row 29, column 6. Related text: 2：Fix Location(FP Level)：SXP：Environment/环境：Exposure  table：Defect mapping/缺陷分布(example)：Dent on fixed location of the full panels.   
The dent on SR surface looks smooth and no broken/scratch/crack：FM or SR residue on SXP table：1.Control sticky paper peeling frequency to clean SR residue;
2.Regular machine PM to clean FM,and to reduce parts abrasion;
3.Control environment FM by APC chart;：Historical investigation report/历史调查报告.",
query_3,Please provide me with the detailed root cause of SM94 M3.,1,[1],"- SM94 M3: Potential RC & YIP/潜在原因及改进
- No.: 1
- Distribution/分布: defect at unit edge,and defect units at panel edge
- Potential Impact Factor(Process)/潜在影响因素(制程）: BLY
- Type/类别
(5M1E): Method/法
- Sub-factor/子因数: Lamination module
- Defect mapping/缺陷分布: Defect mapping/缺陷分布
- Defect further description/缺陷深入阐述: Unit edge undulation at full panels edge
- Potential RC/潜在根源: BLY use High Temp recipe then lead to  ABF serious bleed out/undulation on the edge of the panel
- Improvement Action/改进行动: 1.BLY reduce High Temp recipe layer;
2.add Laser trimming to remove ABF bleed out;
- Historical investigation report/历史调查报告: Historical investigation report/历史调查报告","Based on the provided knowledge base, there are multiple documented root causes (Potential RC) for the **SM94 M3** defect, categorized by the specific defect type and distribution:

**1. Unit Edge Undulation (Defect at unit edge and panel edge)**
*   **Root Cause:** The use of a **High Temp recipe** in the **BLY** process led to serious **ABF (Ajinomoto Build-up Film) bleed-out**, resulting in undulation on the edge of the panel [ID:0][ID:9].
*   **Process Factor:** BLY (Build-up Layer) [ID:0].
*   **Sub-factor:** Lamination module [ID:0].

**2. Dent on Unit Fixed Area (Fix Location at unit level)**
*   **Root Cause:** In areas with **dense circuitry** or **very low copper density** (such as notch holes or maximum voids), the **SR (Solder Resist)** material was unable to fill the gaps completely [ID:10][ID:12].
*   **Process Factor:** SLY (Solder Layer) [ID:10][ID:12].
*   **Sub-factor:** Lamination module [ID:10][ID:12].

**Summary of Defect Description:**
The M3 mode is defined as ""Undulation on Top side SR (tidy and regular unflat)"" or a ""Visual discernable depression on the solder resist surface"" [ID:13]. The responsible processes are identified as **SLY** and **BLY** within the SRSF/Build Up departments [ID:13]. [1, 2, 3, 4, 5, 6, 7, 8, 9, 10, 11, 12, 13, 14, 15, 16, 17, 18, 19, 20]"
query_3,Please provide me with the detailed root cause of SM94 M3.,1,[2],"- CU64 M3: Potential RC & YIP/潜在原因及改进
- No.: 1
- Distribution/分布: Column
- Potential Impact Factor(Process)/潜在影响因素(制程）: ADP/PAR
- Type/类别
(5M1E): Machine/机
- Sub-factor/子因数: Roller shift
- Defect mapping/缺陷分布: Defect mapping/缺陷分布
- Defect further description/缺陷深入阐述: 1.The direction of the trace lifting match the direction of panel production in the tool
2. Defect maping normmaly is fix column on the B side 
- Potential RC/潜在根源: Roller shift, contacting the panel graphic area
- Improvement Action/改进行动: 1.Production arrange 1 lot/day to scan inline monitor
2.MNT daily check roller performance
3.Outgoing material inspection 2lots/per shift
- Historical investigation report/历史调查报告: Historical investigation report/历史调查报告",
query_3,Please provide me with the detailed root cause of SM94 M3.,1,[3],"- SM94 M1: Potential RC & YIP/潜在原因及改进
- No.: 1
- Distribution/分布: Fix Location(FP Level)
- Potential Impact Factor(Process)/潜在影响因素(制程）: SLY
- Type/类别
(5M1E): Environment/环境
- Sub-factor/子因数: SLY Lamination rubber/Flatten stage
- Defect mapping/缺陷分布(example): Defect mapping/缺陷分布(example)
- Defect further description/缺陷深入阐述: Dent on fixed location of the full panels.   
The dent on SR surface looks smooth and no broken/scratch/crack
- Potential RC/潜在根源: FM attach on rubber/SUS stage etc. which is not easy to remove.Panels touch on the stage/rubber, caused dent. 
- Improvement Action/改进行动: 1.Regular machine PM to clean FM,and to reduce parts abrasion;
2.Collect FM: add sticky paper above and around rubber/SUS stage;
3.Clean FM from rubber/SUS stage towards one direction to avoid contaminate again;
4.Inspect first 2 panels per lot to reduce potential impact scope;
5.Control environment FM by APC chart;
- Historical investigation report/历史调查报告: Historical investigation report/历史调查报告",
query_3,Please provide me with the detailed root cause of SM94 M3.,1,[4],"- SM94 M1: Potential RC & YIP/潜在原因及改进
- No.: 2
- Distribution/分布: Fix Location(FP Level)
- Potential Impact Factor(Process)/潜在影响因素(制程）: SXP
- Type/类别
(5M1E): Environment/环境
- Sub-factor/子因数: Exposure  table
- Defect mapping/缺陷分布(example): Defect mapping/缺陷分布(example)
- Defect further description/缺陷深入阐述: Dent on fixed location of the full panels.   
The dent on SR surface looks smooth and no broken/scratch/crack
- Potential RC/潜在根源: FM or SR residue on SXP table
- Improvement Action/改进行动: 1.Control sticky paper peeling frequency to clean SR residue;
2.Regular machine PM to clean FM,and to reduce parts abrasion;
3.Control environment FM by APC chart;
- Historical investigation report/历史调查报告: Historical investigation report/历史调查报告",
query_3,Please provide me with the detailed root cause of SM94 M3.,1,[5],"- SM94 M1: Potential RC & YIP/潜在原因及改进
- No.: 3
- Distribution/分布: Fix Location(QP  level)
- Potential Impact Factor(Process)/潜在影响因素(制程）: UBY/LSC
- Type/类别
(5M1E): Environment/环境
- Sub-factor/子因数: BPR,FPR,INR,BOI table
- Defect mapping/缺陷分布(example): Defect mapping/缺陷分布(example)
- Defect further description/缺陷深入阐述: Dent on fixed location of the Quarter panels.   
The dent on SR surface looks not smooth with slight broken/scratch/crack,and looks more white than dent caused SLY/SXP
- Potential RC/潜在根源: FM left on UBY/LSC table
- Improvement Action/改进行动: 1.Regular machine PM to clean FM,and to reduce parts abrasion;
2.Each set up check and clean table;
- Historical investigation report/历史调查报告: Historical investigation report/历史调查报告",
query_3,Please provide me with the detailed root cause of SM94 M3.,1,[6],"- SM94 M1: Potential RC & YIP/潜在原因及改进
- No.: 5
- Distribution/分布: Random
- Potential Impact Factor(Process)/潜在影响因素(制程）: SLY
- Type/类别
(5M1E): Mateiral/料
- Sub-factor/子因数: Carrier film
- Defect mapping/缺陷分布(example): Defect mapping/缺陷分布(example)
- Defect further description/缺陷深入阐述: dense small dents on unit,random on full panels
- Potential RC/潜在根源: 1.abnormal protrusion or FM in the Carrier film;
2.FM from carrier film
- Improvement Action/改进行动: 1.Carrier film supplier improve film surface performance;
2.Clean FM from carrier film before installation;
3.Clean stage after carrier film installation
- Historical investigation report/历史调查报告: Historical investigation report/历史调查报告",
query_3,Please provide me with the detailed root cause of SM94 M3.,1,[7],"- CU64 M3: Potential RC & YIP/潜在原因及改进
- No.: 2
- Distribution/分布: Column
- Potential Impact Factor(Process)/潜在影响因素(制程）: ADP/PAR/APC
- Type/类别
(5M1E): Machine/机
- Sub-factor/子因数: unloader Hirata shutter
- Defect mapping/缺陷分布: Defect mapping/缺陷分布
- Defect further description/缺陷深入阐述: 
Defect maping normmaly is fix column on the B side 
- Potential RC/潜在根源: 3D printed forks are not durable and are easily worn out,wear fork touch the panel when moving caused trace lifting
- Improvement Action/改进行动: Use the original factory fork
- Historical investigation report/历史调查报告: Buildup-CU64 M3 History Report",
query_3,Please provide me with the detailed root cause of SM94 M3.,1,[8],"- SM94 M1: Potential RC & YIP/潜在原因及改进
- No.: 4
- Distribution/分布: Fix Location(unit level)
- Potential Impact Factor(Process)/潜在影响因素(制程）: ETS
- Type/类别
(5M1E): Environment/环境
- Sub-factor/子因数: Tester fixture
- Defect mapping/缺陷分布(example): Defect mapping/缺陷分布(example)
- Defect further description/缺陷深入阐述: Dent on fixed location of the units   
The dent on SR surface looks not smooth with slight broken/scratch/crack,and looks more white than dent caused SLY/SXP
- Potential RC/潜在根源: FM on E-test fixture
- Improvement Action/改进行动: 1.Modify fixture structure to reduce contact area;
2.first 2 panels and mid-process inspection per lot to reduce potential impact scope;
- Historical investigation report/历史调查报告: Historical investigation report/历史调查报告",
query_3,Please provide me with the detailed root cause of SM94 M3.,1,[9],"image from AU41 M3: Potential RC & YIP/潜在原因及改进 at row 29, column 6. Related text: 1：Random：ENEPIG：Mateiral/料：SR  residue on Pad surface：Defect mapping/缺陷分布：Pad discoloration, impacted large area, can not be removed, RC is SR residue, caused by SR Dev, Under the magnifying glass, it is confirmed that there is obvious unevenness
pad变色，大面积受影响，洗不掉，RC是SR残留物，由SR Dev引起，放大镜下确认有明显的凹凸不平：Long Q_Time or over cure cause film/Ink can't  be removed  by SR Dev：1. define Lam to SXP Q_Time limit.
2. define Lam over cure re_work flow.
3.Add SLY offline alarm function for machine stop：SRSF - Au41  M3 History Report-001.",
query_3,Please provide me with the detailed root cause of SM94 M3.,1,[10],"image from SM94 M3: Potential RC & YIP/潜在原因及改进 at row 29, column 6. Related text: 1：defect at unit edge,and defect units at panel edge：BLY：Method/法：Lamination module：Defect mapping/缺陷分布：Unit edge undulation at full panels edge：BLY use High Temp recipe then lead to  ABF serious bleed out/undulation on the edge of the panel：1.BLY reduce High Temp recipe layer;
2.add Laser trimming to remove ABF bleed out;：Historical investigation report/历史调查报告.",
query_3,Please provide me with the detailed root cause of SM94 M3.,1,[11],"image from SM94 M3: Potential RC & YIP/潜在原因及改进 at row 30, column 6. Related text: 2：Fix Location(unit level)：SLY：Method/法：Lamination module：Defect mapping/缺陷分布：Dent on unit fixed area, but random on full panel mapping;：In areas with dense circuitry or very low copper density (such as notch holes or max voids), SR may not be able to fill the gaps.：increase stage2(SUS) pressure, temp or press time;：Historical investigation report/历史调查报告.",
query_3,Please provide me with the detailed root cause of SM94 M3.,1,[12],"- SM94 M6: Potential RC & YIP/潜在原因及改进
- No.: 1
- Distribution/分布: Fix Location(QP  level)
- Potential Impact Factor(Process)/潜在影响因素(制程）: UBY
- Type/类别
(5M1E): Environment/环境
- Sub-factor/子因数: Uball Jig
- Defect mapping/缺陷分布(example): Defect mapping/缺陷分布(example)
- Defect further description/缺陷深入阐述: A long, narrow indentation along the edge of the unit.
- Potential RC/潜在根源: Magnetic force caused contact mark
- Improvement Action/改进行动: 1.Magnetic force distribution optimization and re-start validation for SM94

- Historical investigation report/历史调查报告: Historical investigation report/历史调查报告",
query_3,Please provide me with the detailed root cause of SM94 M3.,1,[13],"- SM94 M3: Potential RC & YIP/潜在原因及改进
- No.: 2
- Distribution/分布: Fix Location(unit level)
- Potential Impact Factor(Process)/潜在影响因素(制程）: SLY
- Type/类别
(5M1E): Method/法
- Sub-factor/子因数: Lamination module
- Defect mapping/缺陷分布: Defect mapping/缺陷分布
- Defect further description/缺陷深入阐述: Dent on unit fixed area, but random on full panel mapping;
- Potential RC/潜在根源: In areas with dense circuitry or very low copper density (such as notch holes or max voids), SR may not be able to fill the gaps.
- Improvement Action/改进行动: increase stage2(SUS) pressure, temp or press time;
- Historical investigation report/历史调查报告: Historical investigation report/历史调查报告",
query_3,Please provide me with the detailed root cause of SM94 M3.,1,[14],"- SM94 M3: Defect Information/缺陷详情
- Defect Information/缺陷详情: Defect Code/缺陷代码：SM94；Defect decription/缺陷描述：Visual discernable depression on the solder resist. Surface.
可辨别的在阻焊上的凹陷.；Mode/模式：M3；Mode description/模式描述：Undulation on Top side SR(tidy and regular unflat)
正面SR有规则性的不平整凹陷；Owner process/责任制程：SLY/BLY；Owner department/责任部门：SRSF/Build Up；Customer/客户：All；Product Group/产品：All( Build Up: IKx)",
query_3,Please provide me with the detailed root cause of SM94 M3.,1,[15],"- SM94 M7: Potential RC & YIP/潜在原因及改进
- No.: 1
- Distribution/分布: Fix Location(QP  level)
- Potential Impact Factor(Process)/潜在影响因素(制程）: LSC
- Type/类别
(5M1E): Environment/环境
- Sub-factor/子因数: LSC Jig
- Defect mapping/缺陷分布(example): Defect mapping/缺陷分布(example)
- Defect further description/缺陷深入阐述: A long, narrow indentation along the edge of the unit.
- Potential RC/潜在根源: Magnetic force caused contact mark
- Improvement Action/改进行动: 1.Magnetic force distribution optimization and re-start validation for SM94

- Historical investigation report/历史调查报告: Historical investigation report/历史调查报告",
query_3,Please provide me with the detailed root cause of SM94 M3.,1,[16],"image from SM94 M1: Potential RC & YIP/潜在原因及改进 at row 28, column 6. Related text: 1：Fix Location(FP Level)：SLY：Environment/环境：SLY Lamination rubber/Flatten stage：Defect mapping/缺陷分布(example)：Dent on fixed location of the full panels.   
The dent on SR surface looks smooth and no broken/scratch/crack：FM attach on rubber/SUS stage etc. which is not easy to remove.Panels touch on the stage/rubber, caused dent.：1.Regular machine PM to clean FM,and to reduce parts abrasion;
2.Collect FM: add sticky paper above and around rubber/SUS stage;
3.Clean FM from rubber/SUS stage towards one direction to avoid contaminate again;
4.Inspect first 2 panels per lot to reduce potential impact scope;
5.Control environment FM by APC chart;：Historical investigation report/历史调查报告.",
query_3,Please provide me with the detailed root cause of SM94 M3.,1,[17],"image from CU64 M3: Potential RC & YIP/潜在原因及改进 at row 30, column 6. Related text: 2：Column：ADP/PAR/APC：Machine/机：unloader Hirata shutter：Defect mapping/缺陷分布：Defect maping normmaly is fix column on the B side：3D printed forks are not durable and are easily worn out,wear fork touch the panel when moving caused trace lifting：Use the original factory fork：Buildup-CU64 M3 History Report.",
query_3,Please provide me with the detailed root cause of SM94 M3.,1,[18],"- AU41 M3: Potential RC & YIP/潜在原因及改进
- No.: 1
- Distribution/分布: Random
- Potential Impact Factor(Process)/潜在影响因素(制程）: ENEPIG
- Type/类别
(5M1E): Mateiral/料
- Sub-factor/子因数: SR  residue on Pad surface
- Defect mapping/缺陷分布: Defect mapping/缺陷分布
- Defect further description/缺陷深入阐述: Pad discoloration, impacted large area, can not be removed, RC is SR residue, caused by SR Dev, Under the magnifying glass, it is confirmed that there is obvious unevenness
pad变色，大面积受影响，洗不掉，RC是SR残留物，由SR Dev引起，放大镜下确认有明显的凹凸不平
- Potential RC/潜在根源: Long Q_Time or over cure cause film/Ink can't  be removed  by SR Dev
- Improvement Action/改进行动: 1. define Lam to SXP Q_Time limit.
2. define Lam over cure re_work flow.
3.Add SLY offline alarm function for machine stop
- Historical investigation report/历史调查报告: SRSF - Au41  M3 History Report-001",
query_3,Please provide me with the detailed root cause of SM94 M3.,1,[19],"image from AU41 M3: Defect picture/缺陷图片 at row 16, column 1.",
query_3,Please provide me with the detailed root cause of SM94 M3.,1,[20],"image from CU64 M3: Defect picture/缺陷图片 at row 16, column 2.",
query_3,Please provide me with the detailed root cause of SM94 M3.,2,[1],"- SM94 M3: Potential RC & YIP/潜在原因及改进
- No.: 1
- Distribution/分布: defect at unit edge,and defect units at panel edge
- Potential Impact Factor(Process)/潜在影响因素(制程）: BLY
- Type/类别
(5M1E): Method/法
- Sub-factor/子因数: Lamination module
- Defect mapping/缺陷分布: Defect mapping/缺陷分布
- Defect further description/缺陷深入阐述: Unit edge undulation at full panels edge
- Potential RC/潜在根源: BLY use High Temp recipe then lead to  ABF serious bleed out/undulation on the edge of the panel
- Improvement Action/改进行动: 1.BLY reduce High Temp recipe layer;
2.add Laser trimming to remove ABF bleed out;
- Historical investigation report/历史调查报告: Historical investigation report/历史调查报告","Based on the provided knowledge base, there are multiple recorded root causes for the **SM94 M3** defect, which is described as a ""Visual discernable depression on the solder resist surface"" or ""Undulation on Top side SR"" [ID:13]. The specific root causes vary by defect distribution and process factor:

**1. Unit Edge Undulation (Process: BLY)**
*   **Defect Description:** Defects are located at the unit edge, with defect units appearing at the panel edge. The issue manifests as undulation on the full panel edge [ID:0][ID:9].
*   **Root Cause:** The BLY process utilized a **High Temperature recipe**, which led to serious **ABF (Aramid Fiber Film) bleed out** and subsequent undulation on the edge of the panel [ID:0][ID:9].

**2. Dent on Fixed Unit Areas (Process: SLY)**
*   **Defect Description:** Dents appear on fixed areas of the unit but are random on the full panel mapping [ID:10][ID:12].
*   **Root Cause:** In areas with **dense circuitry** or **very low copper density** (such as notch holes or maximum voids), the **SR (Solder Resist) was unable to fill the gaps** completely [ID:10][ID:12].

These findings indicate that the SM94 M3 defect is not attributed to a single cause but rather to specific process conditions (High Temp recipe in BLY) and material/structural limitations (SR filling issues in SLY) [ID:13]. [1, 2, 3, 4, 5, 6, 7, 8, 9, 10, 11, 12, 13, 14, 15, 16, 17, 18, 19, 20]"
query_3,Please provide me with the detailed root cause of SM94 M3.,2,[2],"- CU64 M3: Potential RC & YIP/潜在原因及改进
- No.: 1
- Distribution/分布: Column
- Potential Impact Factor(Process)/潜在影响因素(制程）: ADP/PAR
- Type/类别
(5M1E): Machine/机
- Sub-factor/子因数: Roller shift
- Defect mapping/缺陷分布: Defect mapping/缺陷分布
- Defect further description/缺陷深入阐述: 1.The direction of the trace lifting match the direction of panel production in the tool
2. Defect maping normmaly is fix column on the B side 
- Potential RC/潜在根源: Roller shift, contacting the panel graphic area
- Improvement Action/改进行动: 1.Production arrange 1 lot/day to scan inline monitor
2.MNT daily check roller performance
3.Outgoing material inspection 2lots/per shift
- Historical investigation report/历史调查报告: Historical investigation report/历史调查报告",
query_3,Please provide me with the detailed root cause of SM94 M3.,2,[3],"- SM94 M1: Potential RC & YIP/潜在原因及改进
- No.: 1
- Distribution/分布: Fix Location(FP Level)
- Potential Impact Factor(Process)/潜在影响因素(制程）: SLY
- Type/类别
(5M1E): Environment/环境
- Sub-factor/子因数: SLY Lamination rubber/Flatten stage
- Defect mapping/缺陷分布(example): Defect mapping/缺陷分布(example)
- Defect further description/缺陷深入阐述: Dent on fixed location of the full panels.   
The dent on SR surface looks smooth and no broken/scratch/crack
- Potential RC/潜在根源: FM attach on rubber/SUS stage etc. which is not easy to remove.Panels touch on the stage/rubber, caused dent. 
- Improvement Action/改进行动: 1.Regular machine PM to clean FM,and to reduce parts abrasion;
2.Collect FM: add sticky paper above and around rubber/SUS stage;
3.Clean FM from rubber/SUS stage towards one direction to avoid contaminate again;
4.Inspect first 2 panels per lot to reduce potential impact scope;
5.Control environment FM by APC chart;
- Historical investigation report/历史调查报告: Historical investigation report/历史调查报告",
query_3,Please provide me with the detailed root cause of SM94 M3.,2,[4],"- SM94 M1: Potential RC & YIP/潜在原因及改进
- No.: 2
- Distribution/分布: Fix Location(FP Level)
- Potential Impact Factor(Process)/潜在影响因素(制程）: SXP
- Type/类别
(5M1E): Environment/环境
- Sub-factor/子因数: Exposure  table
- Defect mapping/缺陷分布(example): Defect mapping/缺陷分布(example)
- Defect further description/缺陷深入阐述: Dent on fixed location of the full panels.   
The dent on SR surface looks smooth and no broken/scratch/crack
- Potential RC/潜在根源: FM or SR residue on SXP table
- Improvement Action/改进行动: 1.Control sticky paper peeling frequency to clean SR residue;
2.Regular machine PM to clean FM,and to reduce parts abrasion;
3.Control environment FM by APC chart;
- Historical investigation report/历史调查报告: Historical investigation report/历史调查报告",
query_3,Please provide me with the detailed root cause of SM94 M3.,2,[5],"- SM94 M1: Potential RC & YIP/潜在原因及改进
- No.: 3
- Distribution/分布: Fix Location(QP  level)
- Potential Impact Factor(Process)/潜在影响因素(制程）: UBY/LSC
- Type/类别
(5M1E): Environment/环境
- Sub-factor/子因数: BPR,FPR,INR,BOI table
- Defect mapping/缺陷分布(example): Defect mapping/缺陷分布(example)
- Defect further description/缺陷深入阐述: Dent on fixed location of the Quarter panels.   
The dent on SR surface looks not smooth with slight broken/scratch/crack,and looks more white than dent caused SLY/SXP
- Potential RC/潜在根源: FM left on UBY/LSC table
- Improvement Action/改进行动: 1.Regular machine PM to clean FM,and to reduce parts abrasion;
2.Each set up check and clean table;
- Historical investigation report/历史调查报告: Historical investigation report/历史调查报告",
query_3,Please provide me with the detailed root cause of SM94 M3.,2,[6],"- SM94 M1: Potential RC & YIP/潜在原因及改进
- No.: 5
- Distribution/分布: Random
- Potential Impact Factor(Process)/潜在影响因素(制程）: SLY
- Type/类别
(5M1E): Mateiral/料
- Sub-factor/子因数: Carrier film
- Defect mapping/缺陷分布(example): Defect mapping/缺陷分布(example)
- Defect further description/缺陷深入阐述: dense small dents on unit,random on full panels
- Potential RC/潜在根源: 1.abnormal protrusion or FM in the Carrier film;
2.FM from carrier film
- Improvement Action/改进行动: 1.Carrier film supplier improve film surface performance;
2.Clean FM from carrier film before installation;
3.Clean stage after carrier film installation
- Historical investigation report/历史调查报告: Historical investigation report/历史调查报告",
query_3,Please provide me with the detailed root cause of SM94 M3.,2,[7],"- CU64 M3: Potential RC & YIP/潜在原因及改进
- No.: 2
- Distribution/分布: Column
- Potential Impact Factor(Process)/潜在影响因素(制程）: ADP/PAR/APC
- Type/类别
(5M1E): Machine/机
- Sub-factor/子因数: unloader Hirata shutter
- Defect mapping/缺陷分布: Defect mapping/缺陷分布
- Defect further description/缺陷深入阐述: 
Defect maping normmaly is fix column on the B side 
- Potential RC/潜在根源: 3D printed forks are not durable and are easily worn out,wear fork touch the panel when moving caused trace lifting
- Improvement Action/改进行动: Use the original factory fork
- Historical investigation report/历史调查报告: Buildup-CU64 M3 History Report",
query_3,Please provide me with the detailed root cause of SM94 M3.,2,[8],"- SM94 M1: Potential RC & YIP/潜在原因及改进
- No.: 4
- Distribution/分布: Fix Location(unit level)
- Potential Impact Factor(Process)/潜在影响因素(制程）: ETS
- Type/类别
(5M1E): Environment/环境
- Sub-factor/子因数: Tester fixture
- Defect mapping/缺陷分布(example): Defect mapping/缺陷分布(example)
- Defect further description/缺陷深入阐述: Dent on fixed location of the units   
The dent on SR surface looks not smooth with slight broken/scratch/crack,and looks more white than dent caused SLY/SXP
- Potential RC/潜在根源: FM on E-test fixture
- Improvement Action/改进行动: 1.Modify fixture structure to reduce contact area;
2.first 2 panels and mid-process inspection per lot to reduce potential impact scope;
- Historical investigation report/历史调查报告: Historical investigation report/历史调查报告",
query_3,Please provide me with the detailed root cause of SM94 M3.,2,[9],"image from AU41 M3: Potential RC & YIP/潜在原因及改进 at row 29, column 6. Related text: 1：Random：ENEPIG：Mateiral/料：SR  residue on Pad surface：Defect mapping/缺陷分布：Pad discoloration, impacted large area, can not be removed, RC is SR residue, caused by SR Dev, Under the magnifying glass, it is confirmed that there is obvious unevenness
pad变色，大面积受影响，洗不掉，RC是SR残留物，由SR Dev引起，放大镜下确认有明显的凹凸不平：Long Q_Time or over cure cause film/Ink can't  be removed  by SR Dev：1. define Lam to SXP Q_Time limit.
2. define Lam over cure re_work flow.
3.Add SLY offline alarm function for machine stop：SRSF - Au41  M3 History Report-001.",
query_3,Please provide me with the detailed root cause of SM94 M3.,2,[10],"image from SM94 M3: Potential RC & YIP/潜在原因及改进 at row 29, column 6. Related text: 1：defect at unit edge,and defect units at panel edge：BLY：Method/法：Lamination module：Defect mapping/缺陷分布：Unit edge undulation at full panels edge：BLY use High Temp recipe then lead to  ABF serious bleed out/undulation on the edge of the panel：1.BLY reduce High Temp recipe layer;
2.add Laser trimming to remove ABF bleed out;：Historical investigation report/历史调查报告.",
query_3,Please provide me with the detailed root cause of SM94 M3.,2,[11],"image from SM94 M3: Potential RC & YIP/潜在原因及改进 at row 30, column 6. Related text: 2：Fix Location(unit level)：SLY：Method/法：Lamination module：Defect mapping/缺陷分布：Dent on unit fixed area, but random on full panel mapping;：In areas with dense circuitry or very low copper density (such as notch holes or max voids), SR may not be able to fill the gaps.：increase stage2(SUS) pressure, temp or press time;：Historical investigation report/历史调查报告.",
query_3,Please provide me with the detailed root cause of SM94 M3.,2,[12],"- SM94 M6: Potential RC & YIP/潜在原因及改进
- No.: 1
- Distribution/分布: Fix Location(QP  level)
- Potential Impact Factor(Process)/潜在影响因素(制程）: UBY
- Type/类别
(5M1E): Environment/环境
- Sub-factor/子因数: Uball Jig
- Defect mapping/缺陷分布(example): Defect mapping/缺陷分布(example)
- Defect further description/缺陷深入阐述: A long, narrow indentation along the edge of the unit.
- Potential RC/潜在根源: Magnetic force caused contact mark
- Improvement Action/改进行动: 1.Magnetic force distribution optimization and re-start validation for SM94

- Historical investigation report/历史调查报告: Historical investigation report/历史调查报告",
query_3,Please provide me with the detailed root cause of SM94 M3.,2,[13],"- SM94 M3: Potential RC & YIP/潜在原因及改进
- No.: 2
- Distribution/分布: Fix Location(unit level)
- Potential Impact Factor(Process)/潜在影响因素(制程）: SLY
- Type/类别
(5M1E): Method/法
- Sub-factor/子因数: Lamination module
- Defect mapping/缺陷分布: Defect mapping/缺陷分布
- Defect further description/缺陷深入阐述: Dent on unit fixed area, but random on full panel mapping;
- Potential RC/潜在根源: In areas with dense circuitry or very low copper density (such as notch holes or max voids), SR may not be able to fill the gaps.
- Improvement Action/改进行动: increase stage2(SUS) pressure, temp or press time;
- Historical investigation report/历史调查报告: Historical investigation report/历史调查报告",
query_3,Please provide me with the detailed root cause of SM94 M3.,2,[14],"- SM94 M3: Defect Information/缺陷详情
- Defect Information/缺陷详情: Defect Code/缺陷代码：SM94；Defect decription/缺陷描述：Visual discernable depression on the solder resist. Surface.
可辨别的在阻焊上的凹陷.；Mode/模式：M3；Mode description/模式描述：Undulation on Top side SR(tidy and regular unflat)
正面SR有规则性的不平整凹陷；Owner process/责任制程：SLY/BLY；Owner department/责任部门：SRSF/Build Up；Customer/客户：All；Product Group/产品：All( Build Up: IKx)",
query_3,Please provide me with the detailed root cause of SM94 M3.,2,[15],"- SM94 M7: Potential RC & YIP/潜在原因及改进
- No.: 1
- Distribution/分布: Fix Location(QP  level)
- Potential Impact Factor(Process)/潜在影响因素(制程）: LSC
- Type/类别
(5M1E): Environment/环境
- Sub-factor/子因数: LSC Jig
- Defect mapping/缺陷分布(example): Defect mapping/缺陷分布(example)
- Defect further description/缺陷深入阐述: A long, narrow indentation along the edge of the unit.
- Potential RC/潜在根源: Magnetic force caused contact mark
- Improvement Action/改进行动: 1.Magnetic force distribution optimization and re-start validation for SM94

- Historical investigation report/历史调查报告: Historical investigation report/历史调查报告",
query_3,Please provide me with the detailed root cause of SM94 M3.,2,[16],"image from SM94 M1: Potential RC & YIP/潜在原因及改进 at row 28, column 6. Related text: 1：Fix Location(FP Level)：SLY：Environment/环境：SLY Lamination rubber/Flatten stage：Defect mapping/缺陷分布(example)：Dent on fixed location of the full panels.   
The dent on SR surface looks smooth and no broken/scratch/crack：FM attach on rubber/SUS stage etc. which is not easy to remove.Panels touch on the stage/rubber, caused dent.：1.Regular machine PM to clean FM,and to reduce parts abrasion;
2.Collect FM: add sticky paper above and around rubber/SUS stage;
3.Clean FM from rubber/SUS stage towards one direction to avoid contaminate again;
4.Inspect first 2 panels per lot to reduce potential impact scope;
5.Control environment FM by APC chart;：Historical investigation report/历史调查报告.",
query_3,Please provide me with the detailed root cause of SM94 M3.,2,[17],"image from CU64 M3: Potential RC & YIP/潜在原因及改进 at row 30, column 6. Related text: 2：Column：ADP/PAR/APC：Machine/机：unloader Hirata shutter：Defect mapping/缺陷分布：Defect maping normmaly is fix column on the B side：3D printed forks are not durable and are easily worn out,wear fork touch the panel when moving caused trace lifting：Use the original factory fork：Buildup-CU64 M3 History Report.",
query_3,Please provide me with the detailed root cause of SM94 M3.,2,[18],"- AU41 M3: Potential RC & YIP/潜在原因及改进
- No.: 1
- Distribution/分布: Random
- Potential Impact Factor(Process)/潜在影响因素(制程）: ENEPIG
- Type/类别
(5M1E): Mateiral/料
- Sub-factor/子因数: SR  residue on Pad surface
- Defect mapping/缺陷分布: Defect mapping/缺陷分布
- Defect further description/缺陷深入阐述: Pad discoloration, impacted large area, can not be removed, RC is SR residue, caused by SR Dev, Under the magnifying glass, it is confirmed that there is obvious unevenness
pad变色，大面积受影响，洗不掉，RC是SR残留物，由SR Dev引起，放大镜下确认有明显的凹凸不平
- Potential RC/潜在根源: Long Q_Time or over cure cause film/Ink can't  be removed  by SR Dev
- Improvement Action/改进行动: 1. define Lam to SXP Q_Time limit.
2. define Lam over cure re_work flow.
3.Add SLY offline alarm function for machine stop
- Historical investigation report/历史调查报告: SRSF - Au41  M3 History Report-001",
query_3,Please provide me with the detailed root cause of SM94 M3.,2,[19],"image from AU41 M3: Defect picture/缺陷图片 at row 16, column 1.",
query_3,Please provide me with the detailed root cause of SM94 M3.,2,[20],"image from CU64 M3: Defect picture/缺陷图片 at row 16, column 2.",
query_4,What is CU64 M1?,1,[1],"- SM94 M1: Potential RC & YIP/潜在原因及改进
- No.: 2
- Distribution/分布: Fix Location(FP Level)
- Potential Impact Factor(Process)/潜在影响因素(制程）: SXP
- Type/类别
(5M1E): Environment/环境
- Sub-factor/子因数: Exposure  table
- Defect mapping/缺陷分布(example): Defect mapping/缺陷分布(example)
- Defect further description/缺陷深入阐述: Dent on fixed location of the full panels.   
The dent on SR surface looks smooth and no broken/scratch/crack
- Potential RC/潜在根源: FM or SR residue on SXP table
- Improvement Action/改进行动: 1.Control sticky paper peeling frequency to clean SR residue;
2.Regular machine PM to clean FM,and to reduce parts abrasion;
3.Control environment FM by APC chart;
- Historical investigation report/历史调查报告: Historical investigation report/历史调查报告","CU64 M1 refers to a defect mode characterized by ""Fixed unit and fixed location crush"" (固定unit固定位置的压伤) with the defect code CU64, describing ""Bad copper adhesion"" (铜附着力不良) [ID:4]. The responsible process for this defect is LXP (Lithography), and the owner department is Lithography [ID:4].

The specific root cause for this defect is identified as Foreign Material (FM) on the work stage of the LXP tool, which causes fixed location dry film crush or scratch [ID:11]. The defect appears as dents or traces/pads being crushed by FM on the LXP stage [ID:11].

To address this issue, the recommended improvement actions include performing an outgoing Visual Inspection (VI) check on the dry film surface and checking/cleaning the LXP work stage every 2 hours [ID:11]. [1, 2, 3, 4, 5, 6, 7, 8, 9, 10, 11, 12, 13, 14, 15, 16, 17, 18, 19, 20, 21, 22, 23, 24, 25, 26, 27, 28, 29, 30]"
query_4,What is CU64 M1?,1,[2],"- SM94 M1: Potential RC & YIP/潜在原因及改进
- No.: 1
- Distribution/分布: Fix Location(FP Level)
- Potential Impact Factor(Process)/潜在影响因素(制程）: SLY
- Type/类别
(5M1E): Environment/环境
- Sub-factor/子因数: SLY Lamination rubber/Flatten stage
- Defect mapping/缺陷分布(example): Defect mapping/缺陷分布(example)
- Defect further description/缺陷深入阐述: Dent on fixed location of the full panels.   
The dent on SR surface looks smooth and no broken/scratch/crack
- Potential RC/潜在根源: FM attach on rubber/SUS stage etc. which is not easy to remove.Panels touch on the stage/rubber, caused dent. 
- Improvement Action/改进行动: 1.Regular machine PM to clean FM,and to reduce parts abrasion;
2.Collect FM: add sticky paper above and around rubber/SUS stage;
3.Clean FM from rubber/SUS stage towards one direction to avoid contaminate again;
4.Inspect first 2 panels per lot to reduce potential impact scope;
5.Control environment FM by APC chart;
- Historical investigation report/历史调查报告: Historical investigation report/历史调查报告",
query_4,What is CU64 M1?,1,[3],"- SM94 M1: Potential RC & YIP/潜在原因及改进
- No.: 4
- Distribution/分布: Fix Location(unit level)
- Potential Impact Factor(Process)/潜在影响因素(制程）: ETS
- Type/类别
(5M1E): Environment/环境
- Sub-factor/子因数: Tester fixture
- Defect mapping/缺陷分布(example): Defect mapping/缺陷分布(example)
- Defect further description/缺陷深入阐述: Dent on fixed location of the units   
The dent on SR surface looks not smooth with slight broken/scratch/crack,and looks more white than dent caused SLY/SXP
- Potential RC/潜在根源: FM on E-test fixture
- Improvement Action/改进行动: 1.Modify fixture structure to reduce contact area;
2.first 2 panels and mid-process inspection per lot to reduce potential impact scope;
- Historical investigation report/历史调查报告: Historical investigation report/历史调查报告",
query_4,What is CU64 M1?,1,[4],"- SM94 M1: Potential RC & YIP/潜在原因及改进
- No.: 3
- Distribution/分布: Fix Location(QP  level)
- Potential Impact Factor(Process)/潜在影响因素(制程）: UBY/LSC
- Type/类别
(5M1E): Environment/环境
- Sub-factor/子因数: BPR,FPR,INR,BOI table
- Defect mapping/缺陷分布(example): Defect mapping/缺陷分布(example)
- Defect further description/缺陷深入阐述: Dent on fixed location of the Quarter panels.   
The dent on SR surface looks not smooth with slight broken/scratch/crack,and looks more white than dent caused SLY/SXP
- Potential RC/潜在根源: FM left on UBY/LSC table
- Improvement Action/改进行动: 1.Regular machine PM to clean FM,and to reduce parts abrasion;
2.Each set up check and clean table;
- Historical investigation report/历史调查报告: Historical investigation report/历史调查报告",
query_4,What is CU64 M1?,1,[5],"- CU64 M1: Defect Information/缺陷详情
- Defect Information/缺陷详情: Defect Code/缺陷代码：CU64；Defect decription/缺陷描述：Bad copper adhesion /铜附着力不良；Mode/模式：M1；Mode description/模式描述：Fixed unit and fixed location crush/固定unit固定位置的压伤；Owner process/责任制程：LXP；Owner department/责任部门：Lithography；Customer/客户：All；Product Group/产品：All",
query_4,What is CU64 M1?,1,[6],"- SM94 M1: Potential RC & YIP/潜在原因及改进
- No.: 5
- Distribution/分布: Random
- Potential Impact Factor(Process)/潜在影响因素(制程）: SLY
- Type/类别
(5M1E): Mateiral/料
- Sub-factor/子因数: Carrier film
- Defect mapping/缺陷分布(example): Defect mapping/缺陷分布(example)
- Defect further description/缺陷深入阐述: dense small dents on unit,random on full panels
- Potential RC/潜在根源: 1.abnormal protrusion or FM in the Carrier film;
2.FM from carrier film
- Improvement Action/改进行动: 1.Carrier film supplier improve film surface performance;
2.Clean FM from carrier film before installation;
3.Clean stage after carrier film installation
- Historical investigation report/历史调查报告: Historical investigation report/历史调查报告",
query_4,What is CU64 M1?,1,[7],"image from SM94 M1: Potential RC & YIP/潜在原因及改进 at row 28, column 6. Related text: 1：Fix Location(FP Level)：SLY：Environment/环境：SLY Lamination rubber/Flatten stage：Defect mapping/缺陷分布(example)：Dent on fixed location of the full panels.   
The dent on SR surface looks smooth and no broken/scratch/crack：FM attach on rubber/SUS stage etc. which is not easy to remove.Panels touch on the stage/rubber, caused dent.：1.Regular machine PM to clean FM,and to reduce parts abrasion;
2.Collect FM: add sticky paper above and around rubber/SUS stage;
3.Clean FM from rubber/SUS stage towards one direction to avoid contaminate again;
4.Inspect first 2 panels per lot to reduce potential impact scope;
5.Control environment FM by APC chart;：Historical investigation report/历史调查报告.",
query_4,What is CU64 M1?,1,[8],"- CU64 M3: Potential RC & YIP/潜在原因及改进
- No.: 1
- Distribution/分布: Column
- Potential Impact Factor(Process)/潜在影响因素(制程）: ADP/PAR
- Type/类别
(5M1E): Machine/机
- Sub-factor/子因数: Roller shift
- Defect mapping/缺陷分布: Defect mapping/缺陷分布
- Defect further description/缺陷深入阐述: 1.The direction of the trace lifting match the direction of panel production in the tool
2. Defect maping normmaly is fix column on the B side 
- Potential RC/潜在根源: Roller shift, contacting the panel graphic area
- Improvement Action/改进行动: 1.Production arrange 1 lot/day to scan inline monitor
2.MNT daily check roller performance
3.Outgoing material inspection 2lots/per shift
- Historical investigation report/历史调查报告: Historical investigation report/历史调查报告",
query_4,What is CU64 M1?,1,[9],"- M1: Defect Information/缺陷详情
- Defect Information/缺陷详情: Defect Code/缺陷代码：CU94；Defect decription/缺陷描述：Global copper thickness out of spec / 铜厚超范围；Mode/模式：M1；Mode description/模式描述：Copper Sting/铜刺；Owner process/责任制程：DSM/ELP；Owner department/责任部门：DSM/ELP；Customer/客户：All；Product Group/产品：All",
query_4,What is CU64 M1?,1,[10],"image from CU64 M3: Potential RC & YIP/潜在原因及改进 at row 30, column 6. Related text: 2：Column：ADP/PAR/APC：Machine/机：unloader Hirata shutter：Defect mapping/缺陷分布：Defect maping normmaly is fix column on the B side：3D printed forks are not durable and are easily worn out,wear fork touch the panel when moving caused trace lifting：Use the original factory fork：Buildup-CU64 M3 History Report.",
query_4,What is CU64 M1?,1,[11],"- CU64 M3: Potential RC & YIP/潜在原因及改进
- No.: 2
- Distribution/分布: Column
- Potential Impact Factor(Process)/潜在影响因素(制程）: ADP/PAR/APC
- Type/类别
(5M1E): Machine/机
- Sub-factor/子因数: unloader Hirata shutter
- Defect mapping/缺陷分布: Defect mapping/缺陷分布
- Defect further description/缺陷深入阐述: 
Defect maping normmaly is fix column on the B side 
- Potential RC/潜在根源: 3D printed forks are not durable and are easily worn out,wear fork touch the panel when moving caused trace lifting
- Improvement Action/改进行动: Use the original factory fork
- Historical investigation report/历史调查报告: Buildup-CU64 M3 History Report",
query_4,What is CU64 M1?,1,[12],"- CU64 M1: Potential RC & YIP/潜在原因及改进
- No.: 1
- Distribution/分布: Fixed location
- Potential Impact Factor（Process)/潜在影响因素: LXP
- Type/类别
(5M1E): Environment/环境
- Sub-factor/子因数:  Work stage
- Defect mapping/缺陷分布: Defect mapping/缺陷分布
- Defect further description/缺陷深入阐述: Trace or pad be crushed by FM on LXP stage
- Potential RC/潜在根源: FM on the work stage of LXP tool caused fixed location dry film crush or scratch
曝光机工作平台上的异物造成固定位置的干膜压伤或划伤
- Improvement Action/改进行动: 1.LXP outgoing VI check dry film surface
曝光出料检查干膜表面
2.Check and clean LXP work stage per 2hours
每2小时检查清洁曝光工作台面
- Historical investigation report/历史调查报告: Litho-CU64 M1 history report#1-1
Litho-CU64 M1 history report#1-2",
query_4,What is CU64 M1?,1,[13],"image from CU64 M3: Defect Criteria/缺陷标准 at row 13, column 3. Related text: Trace shift or trace flip or trace lifting caused by external force,need scrap
受外力影响导致线路偏移或者线路翻转或者线路飞起，需要报废
Mapping match roller/Hirata shutter fork location
maping与滚轮或者Hirata shutter钩子位置匹配.",
query_4,What is CU64 M1?,1,[14],"- SM94 M1: Defect Information/缺陷详情
- Defect Information/缺陷详情: Defect Code/缺陷代码：SM94；Defect decription/缺陷描述：Visual discernable depression on the solder resist. Surface.
可辨别的在阻焊上的凹陷.；Mode/模式：M1；Mode description/模式描述：Dent on all Plastic Body Area (including SR under BGA/LGA Pad) and C4 Area
所有阻焊区域（包含LGA/BGA）SR正反面和C4区域；Owner process/责任制程：SLY；Owner department/责任部门：SRSF；Customer/客户：All；Product Group/产品：All",
query_4,What is CU64 M1?,1,[15],"- CU64 M2: Potential RC & YIP/潜在原因及改进
- No.: 1
- Distribution/分布: Cluster by QP/FP
- Potential Impact Factor（Process)/潜在影响因素: PAOI/VRS
- Type/类别
(5M1E): Man/人
- Sub-factor/子因数: Manually Handling
- Defect mapping/缺陷分布: Defect mapping/缺陷分布
- Defect further description/缺陷深入阐述: Defect foucs on munal handling area which be touch by OP finger or nails;
- Potential RC/潜在根源: Employee voilate manually handling rule touch pattern area
员工违规操作触碰图形区
- Improvement Action/改进行动: Audit for all AOI/VRS/AOS OP hanlding;
Training for AOI/VRS/AOS OP handling;
- Historical investigation report/历史调查报告: Ecthing AOI - CU64 M2 History Report-001",
query_4,What is CU64 M1?,1,[16],"- CU64 M2: Defect Information/缺陷详情
- Defect Information/缺陷详情: Defect Code/缺陷代码：CU64；Defect decription/缺陷描述：Bad copper adhesion /铜附着力不良；Mode/模式：M2；Mode description/模式描述：Trace lifting on panel handling area/拿板区域的线路飞起；Owner process/责任制程：PAOI/VRS/AOS；Owner department/责任部门：Etching AOI；Customer/客户：All；Product Group/产品：All",
query_4,What is CU64 M1?,1,[17],"image from CU64 M3: Defect picture/缺陷图片 at row 16, column 2.",
query_4,What is CU64 M1?,1,[18],"- M1: Potential RC & YIP/潜在原因及改进
- No.: 1
- Distribution/分布: Random
- Potential Impact Factor(Process)/潜在影响因素(制程）: DSM/ELP
- Type/类别
(5M1E): Method/法
- Sub-factor/子因数: Fly bar/basket/ultrasonic transducer
- Defect mapping/缺陷分布: Defect mapping/缺陷分布
- Defect further description/缺陷深入阐述: Mapping no commonality, random
- Potential RC/潜在根源: Weld slag generated during welding of metal parts
- Improvement Action/改进行动: Metal parts after welding must be wiped clean with a lint-free cloth following cleaning and can only be put into production after no abnormalities are found during QLM and ST buyoff.
- Historical investigation report/历史调查报告: CU94 mod1",
query_4,What is CU64 M1?,1,[19],"- CU64 M3: Defect Criteria/缺陷标准
- Defect Criteria/缺陷标准: Trace shift or trace flip or trace lifting caused by external force,need scrap
受外力影响导致线路偏移或者线路翻转或者线路飞起，需要报废
Mapping match roller/Hirata shutter fork location
maping与滚轮或者Hirata shutter钩子位置匹配",
query_4,What is CU64 M1?,1,[20],"image from CU64 M3: Defect picture/缺陷图片 at row 16, column 1.",
query_4,What is CU64 M1?,1,[21],"- M1: Defect Criteria/缺陷标准
- Defect Criteria/缺陷标准: Copper protrudes in a spine-like shape from either the copper area or the trace./从铜包处或者从trace上立起来部分铜，成刺状",
query_4,What is CU64 M1?,1,[22],"image from CU64 M1: Defect picture/缺陷图片 at row 15, column 2.",
query_4,What is CU64 M1?,1,[23],"image from CU64 M2: Potential RC & YIP/潜在原因及改进 at row 29, column 6. Related text: 1：Cluster by QP/FP：PAOI/VRS：Man/人：Manually Handling：Defect mapping/缺陷分布：Defect foucs on munal handling area which be touch by OP finger or nails;：Employee voilate manually handling rule touch pattern area
员工违规操作触碰图形区：Audit for all AOI/VRS/AOS OP hanlding;
Training for AOI/VRS/AOS OP handling;：Ecthing AOI - CU64 M2 History Report-001.",
query_4,What is CU64 M1?,1,[24],"image from CU64 M2: Defect picture/缺陷图片 at row 16, column 2.",
query_4,What is CU64 M1?,1,[25],"image from CU64 M2: Defect picture/缺陷图片 at row 16, column 4.",
query_4,What is CU64 M1?,1,[26],"- CU64 M3: Defect Information/缺陷详情
- Defect Information/缺陷详情: Defect Code/缺陷代码：CU64；Defect decription/缺陷描述：Bad Copper Adhesion /铜附着力不强；Mode/模式：M3；Mode description/模式描述：Trace lifting due to scratch/划伤导致的线路飞起；Owner process/责任制程：ADP；Owner department/责任部门：Buildup；Customer/客户：All；Product Group/产品：All",
query_4,What is CU64 M1?,1,[27],"image from CU64 M1: Defect picture/缺陷图片 at row 15, column 1.",
query_4,What is CU64 M1?,1,[28],"image from CU64 M2: Defect picture/缺陷图片 at row 16, column 3.",
query_4,What is CU64 M1?,1,[29],"image from CU64 M1: Defect picture/缺陷图片 at row 16, column 4.",
query_4,What is CU64 M1?,1,[30],"image from SM94 M1: Potential RC & YIP/潜在原因及改进 at row 29, column 6. Related text: 2：Fix Location(FP Level)：SXP：Environment/环境：Exposure  table：Defect mapping/缺陷分布(example)：Dent on fixed location of the full panels.   
The dent on SR surface looks smooth and no broken/scratch/crack：FM or SR residue on SXP table：1.Control sticky paper peeling frequency to clean SR residue;
2.Regular machine PM to clean FM,and to reduce parts abrasion;
3.Control environment FM by APC chart;：Historical investigation report/历史调查报告.",
query_4,What is CU64 M1?,2,[1],"- SM94 M1: Potential RC & YIP/潜在原因及改进
- No.: 2
- Distribution/分布: Fix Location(FP Level)
- Potential Impact Factor(Process)/潜在影响因素(制程）: SXP
- Type/类别
(5M1E): Environment/环境
- Sub-factor/子因数: Exposure  table
- Defect mapping/缺陷分布(example): Defect mapping/缺陷分布(example)
- Defect further description/缺陷深入阐述: Dent on fixed location of the full panels.   
The dent on SR surface looks smooth and no broken/scratch/crack
- Potential RC/潜在根源: FM or SR residue on SXP table
- Improvement Action/改进行动: 1.Control sticky paper peeling frequency to clean SR residue;
2.Regular machine PM to clean FM,and to reduce parts abrasion;
3.Control environment FM by APC chart;
- Historical investigation report/历史调查报告: Historical investigation report/历史调查报告","CU64 M1 refers to a specific defect mode characterized by **Bad copper adhesion** (铜附着力不良) with a pattern of **Fixed unit and fixed location crush** (固定unit固定位置的压伤) [ID:4]. The defect is owned by the **LXP** process within the **Lithography** department [ID:4].

The potential root cause (RC) for CU64 M1 is **Foreign Material (FM)** located on the **Work stage** of the LXP tool, which causes the dry film to be crushed or scratched at fixed locations [ID:11]. The defect appears as a trace or pad being crushed by this foreign material [ID:11].

To address this issue, the recommended improvement actions include:
1.  Performing an outgoing Visual Inspection (VI) to check the dry film surface [ID:11].
2.  Checking and cleaning the LXP work stage every 2 hours [ID:11].

Historical investigation reports related to this defect are titled ""Litho-CU64 M1 history report#1-1"" and ""Litho-CU64 M1 history report#1-2"" [ID:11]. [1, 2, 3, 4, 5, 6, 7, 8, 9, 10, 11, 12, 13, 14, 15, 16, 17, 18, 19, 20, 21, 22, 23, 24, 25, 26, 27, 28, 29, 30]"
query_4,What is CU64 M1?,2,[2],"- SM94 M1: Potential RC & YIP/潜在原因及改进
- No.: 1
- Distribution/分布: Fix Location(FP Level)
- Potential Impact Factor(Process)/潜在影响因素(制程）: SLY
- Type/类别
(5M1E): Environment/环境
- Sub-factor/子因数: SLY Lamination rubber/Flatten stage
- Defect mapping/缺陷分布(example): Defect mapping/缺陷分布(example)
- Defect further description/缺陷深入阐述: Dent on fixed location of the full panels.   
The dent on SR surface looks smooth and no broken/scratch/crack
- Potential RC/潜在根源: FM attach on rubber/SUS stage etc. which is not easy to remove.Panels touch on the stage/rubber, caused dent. 
- Improvement Action/改进行动: 1.Regular machine PM to clean FM,and to reduce parts abrasion;
2.Collect FM: add sticky paper above and around rubber/SUS stage;
3.Clean FM from rubber/SUS stage towards one direction to avoid contaminate again;
4.Inspect first 2 panels per lot to reduce potential impact scope;
5.Control environment FM by APC chart;
- Historical investigation report/历史调查报告: Historical investigation report/历史调查报告",
query_4,What is CU64 M1?,2,[3],"- SM94 M1: Potential RC & YIP/潜在原因及改进
- No.: 4
- Distribution/分布: Fix Location(unit level)
- Potential Impact Factor(Process)/潜在影响因素(制程）: ETS
- Type/类别
(5M1E): Environment/环境
- Sub-factor/子因数: Tester fixture
- Defect mapping/缺陷分布(example): Defect mapping/缺陷分布(example)
- Defect further description/缺陷深入阐述: Dent on fixed location of the units   
The dent on SR surface looks not smooth with slight broken/scratch/crack,and looks more white than dent caused SLY/SXP
- Potential RC/潜在根源: FM on E-test fixture
- Improvement Action/改进行动: 1.Modify fixture structure to reduce contact area;
2.first 2 panels and mid-process inspection per lot to reduce potential impact scope;
- Historical investigation report/历史调查报告: Historical investigation report/历史调查报告",
query_4,What is CU64 M1?,2,[4],"- SM94 M1: Potential RC & YIP/潜在原因及改进
- No.: 3
- Distribution/分布: Fix Location(QP  level)
- Potential Impact Factor(Process)/潜在影响因素(制程）: UBY/LSC
- Type/类别
(5M1E): Environment/环境
- Sub-factor/子因数: BPR,FPR,INR,BOI table
- Defect mapping/缺陷分布(example): Defect mapping/缺陷分布(example)
- Defect further description/缺陷深入阐述: Dent on fixed location of the Quarter panels.   
The dent on SR surface looks not smooth with slight broken/scratch/crack,and looks more white than dent caused SLY/SXP
- Potential RC/潜在根源: FM left on UBY/LSC table
- Improvement Action/改进行动: 1.Regular machine PM to clean FM,and to reduce parts abrasion;
2.Each set up check and clean table;
- Historical investigation report/历史调查报告: Historical investigation report/历史调查报告",
query_4,What is CU64 M1?,2,[5],"- CU64 M1: Defect Information/缺陷详情
- Defect Information/缺陷详情: Defect Code/缺陷代码：CU64；Defect decription/缺陷描述：Bad copper adhesion /铜附着力不良；Mode/模式：M1；Mode description/模式描述：Fixed unit and fixed location crush/固定unit固定位置的压伤；Owner process/责任制程：LXP；Owner department/责任部门：Lithography；Customer/客户：All；Product Group/产品：All",
query_4,What is CU64 M1?,2,[6],"- SM94 M1: Potential RC & YIP/潜在原因及改进
- No.: 5
- Distribution/分布: Random
- Potential Impact Factor(Process)/潜在影响因素(制程）: SLY
- Type/类别
(5M1E): Mateiral/料
- Sub-factor/子因数: Carrier film
- Defect mapping/缺陷分布(example): Defect mapping/缺陷分布(example)
- Defect further description/缺陷深入阐述: dense small dents on unit,random on full panels
- Potential RC/潜在根源: 1.abnormal protrusion or FM in the Carrier film;
2.FM from carrier film
- Improvement Action/改进行动: 1.Carrier film supplier improve film surface performance;
2.Clean FM from carrier film before installation;
3.Clean stage after carrier film installation
- Historical investigation report/历史调查报告: Historical investigation report/历史调查报告",
query_4,What is CU64 M1?,2,[7],"image from SM94 M1: Potential RC & YIP/潜在原因及改进 at row 28, column 6. Related text: 1：Fix Location(FP Level)：SLY：Environment/环境：SLY Lamination rubber/Flatten stage：Defect mapping/缺陷分布(example)：Dent on fixed location of the full panels.   
The dent on SR surface looks smooth and no broken/scratch/crack：FM attach on rubber/SUS stage etc. which is not easy to remove.Panels touch on the stage/rubber, caused dent.：1.Regular machine PM to clean FM,and to reduce parts abrasion;
2.Collect FM: add sticky paper above and around rubber/SUS stage;
3.Clean FM from rubber/SUS stage towards one direction to avoid contaminate again;
4.Inspect first 2 panels per lot to reduce potential impact scope;
5.Control environment FM by APC chart;：Historical investigation report/历史调查报告.",
query_4,What is CU64 M1?,2,[8],"- CU64 M3: Potential RC & YIP/潜在原因及改进
- No.: 1
- Distribution/分布: Column
- Potential Impact Factor(Process)/潜在影响因素(制程）: ADP/PAR
- Type/类别
(5M1E): Machine/机
- Sub-factor/子因数: Roller shift
- Defect mapping/缺陷分布: Defect mapping/缺陷分布
- Defect further description/缺陷深入阐述: 1.The direction of the trace lifting match the direction of panel production in the tool
2. Defect maping normmaly is fix column on the B side 
- Potential RC/潜在根源: Roller shift, contacting the panel graphic area
- Improvement Action/改进行动: 1.Production arrange 1 lot/day to scan inline monitor
2.MNT daily check roller performance
3.Outgoing material inspection 2lots/per shift
- Historical investigation report/历史调查报告: Historical investigation report/历史调查报告",
query_4,What is CU64 M1?,2,[9],"- M1: Defect Information/缺陷详情
- Defect Information/缺陷详情: Defect Code/缺陷代码：CU94；Defect decription/缺陷描述：Global copper thickness out of spec / 铜厚超范围；Mode/模式：M1；Mode description/模式描述：Copper Sting/铜刺；Owner process/责任制程：DSM/ELP；Owner department/责任部门：DSM/ELP；Customer/客户：All；Product Group/产品：All",
query_4,What is CU64 M1?,2,[10],"image from CU64 M3: Potential RC & YIP/潜在原因及改进 at row 30, column 6. Related text: 2：Column：ADP/PAR/APC：Machine/机：unloader Hirata shutter：Defect mapping/缺陷分布：Defect maping normmaly is fix column on the B side：3D printed forks are not durable and are easily worn out,wear fork touch the panel when moving caused trace lifting：Use the original factory fork：Buildup-CU64 M3 History Report.",
query_4,What is CU64 M1?,2,[11],"- CU64 M3: Potential RC & YIP/潜在原因及改进
- No.: 2
- Distribution/分布: Column
- Potential Impact Factor(Process)/潜在影响因素(制程）: ADP/PAR/APC
- Type/类别
(5M1E): Machine/机
- Sub-factor/子因数: unloader Hirata shutter
- Defect mapping/缺陷分布: Defect mapping/缺陷分布
- Defect further description/缺陷深入阐述: 
Defect maping normmaly is fix column on the B side 
- Potential RC/潜在根源: 3D printed forks are not durable and are easily worn out,wear fork touch the panel when moving caused trace lifting
- Improvement Action/改进行动: Use the original factory fork
- Historical investigation report/历史调查报告: Buildup-CU64 M3 History Report",
query_4,What is CU64 M1?,2,[12],"- CU64 M1: Potential RC & YIP/潜在原因及改进
- No.: 1
- Distribution/分布: Fixed location
- Potential Impact Factor（Process)/潜在影响因素: LXP
- Type/类别
(5M1E): Environment/环境
- Sub-factor/子因数:  Work stage
- Defect mapping/缺陷分布: Defect mapping/缺陷分布
- Defect further description/缺陷深入阐述: Trace or pad be crushed by FM on LXP stage
- Potential RC/潜在根源: FM on the work stage of LXP tool caused fixed location dry film crush or scratch
曝光机工作平台上的异物造成固定位置的干膜压伤或划伤
- Improvement Action/改进行动: 1.LXP outgoing VI check dry film surface
曝光出料检查干膜表面
2.Check and clean LXP work stage per 2hours
每2小时检查清洁曝光工作台面
- Historical investigation report/历史调查报告: Litho-CU64 M1 history report#1-1
Litho-CU64 M1 history report#1-2",
query_4,What is CU64 M1?,2,[13],"image from CU64 M3: Defect Criteria/缺陷标准 at row 13, column 3. Related text: Trace shift or trace flip or trace lifting caused by external force,need scrap
受外力影响导致线路偏移或者线路翻转或者线路飞起，需要报废
Mapping match roller/Hirata shutter fork location
maping与滚轮或者Hirata shutter钩子位置匹配.",
query_4,What is CU64 M1?,2,[14],"- SM94 M1: Defect Information/缺陷详情
- Defect Information/缺陷详情: Defect Code/缺陷代码：SM94；Defect decription/缺陷描述：Visual discernable depression on the solder resist. Surface.
可辨别的在阻焊上的凹陷.；Mode/模式：M1；Mode description/模式描述：Dent on all Plastic Body Area (including SR under BGA/LGA Pad) and C4 Area
所有阻焊区域（包含LGA/BGA）SR正反面和C4区域；Owner process/责任制程：SLY；Owner department/责任部门：SRSF；Customer/客户：All；Product Group/产品：All",
query_4,What is CU64 M1?,2,[15],"- CU64 M2: Potential RC & YIP/潜在原因及改进
- No.: 1
- Distribution/分布: Cluster by QP/FP
- Potential Impact Factor（Process)/潜在影响因素: PAOI/VRS
- Type/类别
(5M1E): Man/人
- Sub-factor/子因数: Manually Handling
- Defect mapping/缺陷分布: Defect mapping/缺陷分布
- Defect further description/缺陷深入阐述: Defect foucs on munal handling area which be touch by OP finger or nails;
- Potential RC/潜在根源: Employee voilate manually handling rule touch pattern area
员工违规操作触碰图形区
- Improvement Action/改进行动: Audit for all AOI/VRS/AOS OP hanlding;
Training for AOI/VRS/AOS OP handling;
- Historical investigation report/历史调查报告: Ecthing AOI - CU64 M2 History Report-001",
query_4,What is CU64 M1?,2,[16],"- CU64 M2: Defect Information/缺陷详情
- Defect Information/缺陷详情: Defect Code/缺陷代码：CU64；Defect decription/缺陷描述：Bad copper adhesion /铜附着力不良；Mode/模式：M2；Mode description/模式描述：Trace lifting on panel handling area/拿板区域的线路飞起；Owner process/责任制程：PAOI/VRS/AOS；Owner department/责任部门：Etching AOI；Customer/客户：All；Product Group/产品：All",
query_4,What is CU64 M1?,2,[17],"image from CU64 M3: Defect picture/缺陷图片 at row 16, column 2.",
query_4,What is CU64 M1?,2,[18],"- M1: Potential RC & YIP/潜在原因及改进
- No.: 1
- Distribution/分布: Random
- Potential Impact Factor(Process)/潜在影响因素(制程）: DSM/ELP
- Type/类别
(5M1E): Method/法
- Sub-factor/子因数: Fly bar/basket/ultrasonic transducer
- Defect mapping/缺陷分布: Defect mapping/缺陷分布
- Defect further description/缺陷深入阐述: Mapping no commonality, random
- Potential RC/潜在根源: Weld slag generated during welding of metal parts
- Improvement Action/改进行动: Metal parts after welding must be wiped clean with a lint-free cloth following cleaning and can only be put into production after no abnormalities are found during QLM and ST buyoff.
- Historical investigation report/历史调查报告: CU94 mod1",
query_4,What is CU64 M1?,2,[19],"- CU64 M3: Defect Criteria/缺陷标准
- Defect Criteria/缺陷标准: Trace shift or trace flip or trace lifting caused by external force,need scrap
受外力影响导致线路偏移或者线路翻转或者线路飞起，需要报废
Mapping match roller/Hirata shutter fork location
maping与滚轮或者Hirata shutter钩子位置匹配",
query_4,What is CU64 M1?,2,[20],"image from CU64 M3: Defect picture/缺陷图片 at row 16, column 1.",
query_4,What is CU64 M1?,2,[21],"- M1: Defect Criteria/缺陷标准
- Defect Criteria/缺陷标准: Copper protrudes in a spine-like shape from either the copper area or the trace./从铜包处或者从trace上立起来部分铜，成刺状",
query_4,What is CU64 M1?,2,[22],"image from CU64 M1: Defect picture/缺陷图片 at row 15, column 2.",
query_4,What is CU64 M1?,2,[23],"image from CU64 M2: Potential RC & YIP/潜在原因及改进 at row 29, column 6. Related text: 1：Cluster by QP/FP：PAOI/VRS：Man/人：Manually Handling：Defect mapping/缺陷分布：Defect foucs on munal handling area which be touch by OP finger or nails;：Employee voilate manually handling rule touch pattern area
员工违规操作触碰图形区：Audit for all AOI/VRS/AOS OP hanlding;
Training for AOI/VRS/AOS OP handling;：Ecthing AOI - CU64 M2 History Report-001.",
query_4,What is CU64 M1?,2,[24],"image from CU64 M2: Defect picture/缺陷图片 at row 16, column 2.",
query_4,What is CU64 M1?,2,[25],"image from CU64 M2: Defect picture/缺陷图片 at row 16, column 4.",
query_4,What is CU64 M1?,2,[26],"- CU64 M3: Defect Information/缺陷详情
- Defect Information/缺陷详情: Defect Code/缺陷代码：CU64；Defect decription/缺陷描述：Bad Copper Adhesion /铜附着力不强；Mode/模式：M3；Mode description/模式描述：Trace lifting due to scratch/划伤导致的线路飞起；Owner process/责任制程：ADP；Owner department/责任部门：Buildup；Customer/客户：All；Product Group/产品：All",
query_4,What is CU64 M1?,2,[27],"image from CU64 M1: Defect picture/缺陷图片 at row 15, column 1.",
query_4,What is CU64 M1?,2,[28],"image from CU64 M2: Defect picture/缺陷图片 at row 16, column 3.",
query_4,What is CU64 M1?,2,[29],"image from CU64 M1: Defect picture/缺陷图片 at row 16, column 4.",
query_4,What is CU64 M1?,2,[30],"image from SM94 M1: Potential RC & YIP/潜在原因及改进 at row 29, column 6. Related text: 2：Fix Location(FP Level)：SXP：Environment/环境：Exposure  table：Defect mapping/缺陷分布(example)：Dent on fixed location of the full panels.   
The dent on SR surface looks smooth and no broken/scratch/crack：FM or SR residue on SXP table：1.Control sticky paper peeling frequency to clean SR residue;
2.Regular machine PM to clean FM,and to reduce parts abrasion;
3.Control environment FM by APC chart;：Historical investigation report/历史调查报告.",
query_4,What is CU64 M1?,3,[1],"- SM94 M1: Potential RC & YIP/潜在原因及改进
- No.: 2
- Distribution/分布: Fix Location(FP Level)
- Potential Impact Factor(Process)/潜在影响因素(制程）: SXP
- Type/类别
(5M1E): Environment/环境
- Sub-factor/子因数: Exposure  table
- Defect mapping/缺陷分布(example): Defect mapping/缺陷分布(example)
- Defect further description/缺陷深入阐述: Dent on fixed location of the full panels.   
The dent on SR surface looks smooth and no broken/scratch/crack
- Potential RC/潜在根源: FM or SR residue on SXP table
- Improvement Action/改进行动: 1.Control sticky paper peeling frequency to clean SR residue;
2.Regular machine PM to clean FM,and to reduce parts abrasion;
3.Control environment FM by APC chart;
- Historical investigation report/历史调查报告: Historical investigation report/历史调查报告","CU64 M1 refers to a specific defect mode characterized by ""Fixed unit and fixed location crush"" (fixed unit, fixed location press damage) [ID:4]. The defect code is CU64, and the description is ""Bad copper adhesion"" (poor copper adhesion) [ID:4]. The responsible process is LXP (Lithography), and the responsible department is Lithography [ID:4].

In terms of root cause analysis, the defect involves traces or pads being crushed by foreign material (FM) on the LXP work stage, which causes fixed-location dry film crushing or scratching [ID:11]. The defect mapping shows a fixed location distribution [ID:11]. Improvement actions include checking the dry film surface via outgoing VI checks and cleaning the LXP work stage every 2 hours [ID:11]. [1, 2, 3, 4, 5, 6, 7, 8, 9, 10, 11, 12, 13, 14, 15, 16, 17, 18, 19, 20, 21, 22, 23, 24, 25, 26, 27, 28, 29, 30]"
query_4,What is CU64 M1?,3,[2],"- SM94 M1: Potential RC & YIP/潜在原因及改进
- No.: 1
- Distribution/分布: Fix Location(FP Level)
- Potential Impact Factor(Process)/潜在影响因素(制程）: SLY
- Type/类别
(5M1E): Environment/环境
- Sub-factor/子因数: SLY Lamination rubber/Flatten stage
- Defect mapping/缺陷分布(example): Defect mapping/缺陷分布(example)
- Defect further description/缺陷深入阐述: Dent on fixed location of the full panels.   
The dent on SR surface looks smooth and no broken/scratch/crack
- Potential RC/潜在根源: FM attach on rubber/SUS stage etc. which is not easy to remove.Panels touch on the stage/rubber, caused dent. 
- Improvement Action/改进行动: 1.Regular machine PM to clean FM,and to reduce parts abrasion;
2.Collect FM: add sticky paper above and around rubber/SUS stage;
3.Clean FM from rubber/SUS stage towards one direction to avoid contaminate again;
4.Inspect first 2 panels per lot to reduce potential impact scope;
5.Control environment FM by APC chart;
- Historical investigation report/历史调查报告: Historical investigation report/历史调查报告",
query_4,What is CU64 M1?,3,[3],"- SM94 M1: Potential RC & YIP/潜在原因及改进
- No.: 4
- Distribution/分布: Fix Location(unit level)
- Potential Impact Factor(Process)/潜在影响因素(制程）: ETS
- Type/类别
(5M1E): Environment/环境
- Sub-factor/子因数: Tester fixture
- Defect mapping/缺陷分布(example): Defect mapping/缺陷分布(example)
- Defect further description/缺陷深入阐述: Dent on fixed location of the units   
The dent on SR surface looks not smooth with slight broken/scratch/crack,and looks more white than dent caused SLY/SXP
- Potential RC/潜在根源: FM on E-test fixture
- Improvement Action/改进行动: 1.Modify fixture structure to reduce contact area;
2.first 2 panels and mid-process inspection per lot to reduce potential impact scope;
- Historical investigation report/历史调查报告: Historical investigation report/历史调查报告",
query_4,What is CU64 M1?,3,[4],"- SM94 M1: Potential RC & YIP/潜在原因及改进
- No.: 3
- Distribution/分布: Fix Location(QP  level)
- Potential Impact Factor(Process)/潜在影响因素(制程）: UBY/LSC
- Type/类别
(5M1E): Environment/环境
- Sub-factor/子因数: BPR,FPR,INR,BOI table
- Defect mapping/缺陷分布(example): Defect mapping/缺陷分布(example)
- Defect further description/缺陷深入阐述: Dent on fixed location of the Quarter panels.   
The dent on SR surface looks not smooth with slight broken/scratch/crack,and looks more white than dent caused SLY/SXP
- Potential RC/潜在根源: FM left on UBY/LSC table
- Improvement Action/改进行动: 1.Regular machine PM to clean FM,and to reduce parts abrasion;
2.Each set up check and clean table;
- Historical investigation report/历史调查报告: Historical investigation report/历史调查报告",
query_4,What is CU64 M1?,3,[5],"- CU64 M1: Defect Information/缺陷详情
- Defect Information/缺陷详情: Defect Code/缺陷代码：CU64；Defect decription/缺陷描述：Bad copper adhesion /铜附着力不良；Mode/模式：M1；Mode description/模式描述：Fixed unit and fixed location crush/固定unit固定位置的压伤；Owner process/责任制程：LXP；Owner department/责任部门：Lithography；Customer/客户：All；Product Group/产品：All",
query_4,What is CU64 M1?,3,[6],"- SM94 M1: Potential RC & YIP/潜在原因及改进
- No.: 5
- Distribution/分布: Random
- Potential Impact Factor(Process)/潜在影响因素(制程）: SLY
- Type/类别
(5M1E): Mateiral/料
- Sub-factor/子因数: Carrier film
- Defect mapping/缺陷分布(example): Defect mapping/缺陷分布(example)
- Defect further description/缺陷深入阐述: dense small dents on unit,random on full panels
- Potential RC/潜在根源: 1.abnormal protrusion or FM in the Carrier film;
2.FM from carrier film
- Improvement Action/改进行动: 1.Carrier film supplier improve film surface performance;
2.Clean FM from carrier film before installation;
3.Clean stage after carrier film installation
- Historical investigation report/历史调查报告: Historical investigation report/历史调查报告",
query_4,What is CU64 M1?,3,[7],"image from SM94 M1: Potential RC & YIP/潜在原因及改进 at row 28, column 6. Related text: 1：Fix Location(FP Level)：SLY：Environment/环境：SLY Lamination rubber/Flatten stage：Defect mapping/缺陷分布(example)：Dent on fixed location of the full panels.   
The dent on SR surface looks smooth and no broken/scratch/crack：FM attach on rubber/SUS stage etc. which is not easy to remove.Panels touch on the stage/rubber, caused dent.：1.Regular machine PM to clean FM,and to reduce parts abrasion;
2.Collect FM: add sticky paper above and around rubber/SUS stage;
3.Clean FM from rubber/SUS stage towards one direction to avoid contaminate again;
4.Inspect first 2 panels per lot to reduce potential impact scope;
5.Control environment FM by APC chart;：Historical investigation report/历史调查报告.",
query_4,What is CU64 M1?,3,[8],"- CU64 M3: Potential RC & YIP/潜在原因及改进
- No.: 1
- Distribution/分布: Column
- Potential Impact Factor(Process)/潜在影响因素(制程）: ADP/PAR
- Type/类别
(5M1E): Machine/机
- Sub-factor/子因数: Roller shift
- Defect mapping/缺陷分布: Defect mapping/缺陷分布
- Defect further description/缺陷深入阐述: 1.The direction of the trace lifting match the direction of panel production in the tool
2. Defect maping normmaly is fix column on the B side 
- Potential RC/潜在根源: Roller shift, contacting the panel graphic area
- Improvement Action/改进行动: 1.Production arrange 1 lot/day to scan inline monitor
2.MNT daily check roller performance
3.Outgoing material inspection 2lots/per shift
- Historical investigation report/历史调查报告: Historical investigation report/历史调查报告",
query_4,What is CU64 M1?,3,[9],"- M1: Defect Information/缺陷详情
- Defect Information/缺陷详情: Defect Code/缺陷代码：CU94；Defect decription/缺陷描述：Global copper thickness out of spec / 铜厚超范围；Mode/模式：M1；Mode description/模式描述：Copper Sting/铜刺；Owner process/责任制程：DSM/ELP；Owner department/责任部门：DSM/ELP；Customer/客户：All；Product Group/产品：All",
query_4,What is CU64 M1?,3,[10],"image from CU64 M3: Potential RC & YIP/潜在原因及改进 at row 30, column 6. Related text: 2：Column：ADP/PAR/APC：Machine/机：unloader Hirata shutter：Defect mapping/缺陷分布：Defect maping normmaly is fix column on the B side：3D printed forks are not durable and are easily worn out,wear fork touch the panel when moving caused trace lifting：Use the original factory fork：Buildup-CU64 M3 History Report.",
query_4,What is CU64 M1?,3,[11],"- CU64 M3: Potential RC & YIP/潜在原因及改进
- No.: 2
- Distribution/分布: Column
- Potential Impact Factor(Process)/潜在影响因素(制程）: ADP/PAR/APC
- Type/类别
(5M1E): Machine/机
- Sub-factor/子因数: unloader Hirata shutter
- Defect mapping/缺陷分布: Defect mapping/缺陷分布
- Defect further description/缺陷深入阐述: 
Defect maping normmaly is fix column on the B side 
- Potential RC/潜在根源: 3D printed forks are not durable and are easily worn out,wear fork touch the panel when moving caused trace lifting
- Improvement Action/改进行动: Use the original factory fork
- Historical investigation report/历史调查报告: Buildup-CU64 M3 History Report",
query_4,What is CU64 M1?,3,[12],"- CU64 M1: Potential RC & YIP/潜在原因及改进
- No.: 1
- Distribution/分布: Fixed location
- Potential Impact Factor（Process)/潜在影响因素: LXP
- Type/类别
(5M1E): Environment/环境
- Sub-factor/子因数:  Work stage
- Defect mapping/缺陷分布: Defect mapping/缺陷分布
- Defect further description/缺陷深入阐述: Trace or pad be crushed by FM on LXP stage
- Potential RC/潜在根源: FM on the work stage of LXP tool caused fixed location dry film crush or scratch
曝光机工作平台上的异物造成固定位置的干膜压伤或划伤
- Improvement Action/改进行动: 1.LXP outgoing VI check dry film surface
曝光出料检查干膜表面
2.Check and clean LXP work stage per 2hours
每2小时检查清洁曝光工作台面
- Historical investigation report/历史调查报告: Litho-CU64 M1 history report#1-1
Litho-CU64 M1 history report#1-2",
query_4,What is CU64 M1?,3,[13],"image from CU64 M3: Defect Criteria/缺陷标准 at row 13, column 3. Related text: Trace shift or trace flip or trace lifting caused by external force,need scrap
受外力影响导致线路偏移或者线路翻转或者线路飞起，需要报废
Mapping match roller/Hirata shutter fork location
maping与滚轮或者Hirata shutter钩子位置匹配.",
query_4,What is CU64 M1?,3,[14],"- SM94 M1: Defect Information/缺陷详情
- Defect Information/缺陷详情: Defect Code/缺陷代码：SM94；Defect decription/缺陷描述：Visual discernable depression on the solder resist. Surface.
可辨别的在阻焊上的凹陷.；Mode/模式：M1；Mode description/模式描述：Dent on all Plastic Body Area (including SR under BGA/LGA Pad) and C4 Area
所有阻焊区域（包含LGA/BGA）SR正反面和C4区域；Owner process/责任制程：SLY；Owner department/责任部门：SRSF；Customer/客户：All；Product Group/产品：All",
query_4,What is CU64 M1?,3,[15],"- CU64 M2: Potential RC & YIP/潜在原因及改进
- No.: 1
- Distribution/分布: Cluster by QP/FP
- Potential Impact Factor（Process)/潜在影响因素: PAOI/VRS
- Type/类别
(5M1E): Man/人
- Sub-factor/子因数: Manually Handling
- Defect mapping/缺陷分布: Defect mapping/缺陷分布
- Defect further description/缺陷深入阐述: Defect foucs on munal handling area which be touch by OP finger or nails;
- Potential RC/潜在根源: Employee voilate manually handling rule touch pattern area
员工违规操作触碰图形区
- Improvement Action/改进行动: Audit for all AOI/VRS/AOS OP hanlding;
Training for AOI/VRS/AOS OP handling;
- Historical investigation report/历史调查报告: Ecthing AOI - CU64 M2 History Report-001",
query_4,What is CU64 M1?,3,[16],"- CU64 M2: Defect Information/缺陷详情
- Defect Information/缺陷详情: Defect Code/缺陷代码：CU64；Defect decription/缺陷描述：Bad copper adhesion /铜附着力不良；Mode/模式：M2；Mode description/模式描述：Trace lifting on panel handling area/拿板区域的线路飞起；Owner process/责任制程：PAOI/VRS/AOS；Owner department/责任部门：Etching AOI；Customer/客户：All；Product Group/产品：All",
query_4,What is CU64 M1?,3,[17],"image from CU64 M3: Defect picture/缺陷图片 at row 16, column 2.",
query_4,What is CU64 M1?,3,[18],"- M1: Potential RC & YIP/潜在原因及改进
- No.: 1
- Distribution/分布: Random
- Potential Impact Factor(Process)/潜在影响因素(制程）: DSM/ELP
- Type/类别
(5M1E): Method/法
- Sub-factor/子因数: Fly bar/basket/ultrasonic transducer
- Defect mapping/缺陷分布: Defect mapping/缺陷分布
- Defect further description/缺陷深入阐述: Mapping no commonality, random
- Potential RC/潜在根源: Weld slag generated during welding of metal parts
- Improvement Action/改进行动: Metal parts after welding must be wiped clean with a lint-free cloth following cleaning and can only be put into production after no abnormalities are found during QLM and ST buyoff.
- Historical investigation report/历史调查报告: CU94 mod1",
query_4,What is CU64 M1?,3,[19],"- CU64 M3: Defect Criteria/缺陷标准
- Defect Criteria/缺陷标准: Trace shift or trace flip or trace lifting caused by external force,need scrap
受外力影响导致线路偏移或者线路翻转或者线路飞起，需要报废
Mapping match roller/Hirata shutter fork location
maping与滚轮或者Hirata shutter钩子位置匹配",
query_4,What is CU64 M1?,3,[20],"image from CU64 M3: Defect picture/缺陷图片 at row 16, column 1.",
query_4,What is CU64 M1?,3,[21],"- M1: Defect Criteria/缺陷标准
- Defect Criteria/缺陷标准: Copper protrudes in a spine-like shape from either the copper area or the trace./从铜包处或者从trace上立起来部分铜，成刺状",
query_4,What is CU64 M1?,3,[22],"image from CU64 M1: Defect picture/缺陷图片 at row 15, column 2.",
query_4,What is CU64 M1?,3,[23],"image from CU64 M2: Potential RC & YIP/潜在原因及改进 at row 29, column 6. Related text: 1：Cluster by QP/FP：PAOI/VRS：Man/人：Manually Handling：Defect mapping/缺陷分布：Defect foucs on munal handling area which be touch by OP finger or nails;：Employee voilate manually handling rule touch pattern area
员工违规操作触碰图形区：Audit for all AOI/VRS/AOS OP hanlding;
Training for AOI/VRS/AOS OP handling;：Ecthing AOI - CU64 M2 History Report-001.",
query_4,What is CU64 M1?,3,[24],"image from CU64 M2: Defect picture/缺陷图片 at row 16, column 2.",
query_4,What is CU64 M1?,3,[25],"image from CU64 M2: Defect picture/缺陷图片 at row 16, column 4.",
query_4,What is CU64 M1?,3,[26],"- CU64 M3: Defect Information/缺陷详情
- Defect Information/缺陷详情: Defect Code/缺陷代码：CU64；Defect decription/缺陷描述：Bad Copper Adhesion /铜附着力不强；Mode/模式：M3；Mode description/模式描述：Trace lifting due to scratch/划伤导致的线路飞起；Owner process/责任制程：ADP；Owner department/责任部门：Buildup；Customer/客户：All；Product Group/产品：All",
query_4,What is CU64 M1?,3,[27],"image from CU64 M1: Defect picture/缺陷图片 at row 15, column 1.",
query_4,What is CU64 M1?,3,[28],"image from CU64 M2: Defect picture/缺陷图片 at row 16, column 3.",
query_4,What is CU64 M1?,3,[29],"image from CU64 M1: Defect picture/缺陷图片 at row 16, column 4.",
query_4,What is CU64 M1?,3,[30],"image from SM94 M1: Potential RC & YIP/潜在原因及改进 at row 29, column 6. Related text: 2：Fix Location(FP Level)：SXP：Environment/环境：Exposure  table：Defect mapping/缺陷分布(example)：Dent on fixed location of the full panels.   
The dent on SR surface looks smooth and no broken/scratch/crack：FM or SR residue on SXP table：1.Control sticky paper peeling frequency to clean SR residue;
2.Regular machine PM to clean FM,and to reduce parts abrasion;
3.Control environment FM by APC chart;：Historical investigation report/历史调查报告.",
query_5,What is the root cause of CU64?,1,[1],"image from CU64 M3: Defect Criteria/缺陷标准 at row 13, column 3. Related text: Trace shift or trace flip or trace lifting caused by external force,need scrap
受外力影响导致线路偏移或者线路翻转或者线路飞起，需要报废
Mapping match roller/Hirata shutter fork location
maping与滚轮或者Hirata shutter钩子位置匹配.","The root causes for the CU64 defect vary depending on the specific process mode (M1, M2, or M3) and the equipment involved:

*   **Mode M3 (Buildup Process):**
    *   **Roller Shift:** The root cause is identified as a roller shift where the roller contacts the panel's graphic area [ID:1]. This is associated with potential impact factors in the ADP/PAR process [ID:4].
    *   **Unloader Hirata Shutter:** Another root cause is that the 3D printed forks used in the unloader Hirata shutter are not durable and wear out easily; these worn forks touch the panel during movement, causing trace lifting [ID:3]. This is linked to the ADP/PAR/APC process factors [ID:2].
    *   **General Cause:** The defect is described as ""Trace lifting due to scratch"" caused by external forces [ID:16].

*   **Mode M2 (Etching AOI Process):**
    *   **Manual Handling:** The root cause is employees violating manual handling rules by touching the pattern area with their fingers or nails [ID:5]. This occurs in the PAOI/VRS process [ID:5].

*   **Mode M1 (Lithography Process):**
    *   **Foreign Material (FM):** The root cause is foreign material (FM) on the work stage of the LXP tool, which causes fixed-location dry film crush or scratch [ID:15].

In all cases, the resulting defect is categorized as ""Bad Copper Adhesion"" or ""Trace lifting"" caused by external forces, which requires the panel to be scrapped [ID:14]. [1, 2, 3, 4, 5, 6, 7, 8, 9, 10, 11, 12, 13, 14, 15, 16, 17, 18, 19, 20, 21, 22, 23, 24, 25]"
query_5,What is the root cause of CU64?,1,[2],"- CU64 M3: Potential RC & YIP/潜在原因及改进
- No.: 1
- Distribution/分布: Column
- Potential Impact Factor(Process)/潜在影响因素(制程）: ADP/PAR
- Type/类别
(5M1E): Machine/机
- Sub-factor/子因数: Roller shift
- Defect mapping/缺陷分布: Defect mapping/缺陷分布
- Defect further description/缺陷深入阐述: 1.The direction of the trace lifting match the direction of panel production in the tool
2. Defect maping normmaly is fix column on the B side 
- Potential RC/潜在根源: Roller shift, contacting the panel graphic area
- Improvement Action/改进行动: 1.Production arrange 1 lot/day to scan inline monitor
2.MNT daily check roller performance
3.Outgoing material inspection 2lots/per shift
- Historical investigation report/历史调查报告: Historical investigation report/历史调查报告",
query_5,What is the root cause of CU64?,1,[3],"image from CU64 M3: Potential RC & YIP/潜在原因及改进 at row 30, column 6. Related text: 2：Column：ADP/PAR/APC：Machine/机：unloader Hirata shutter：Defect mapping/缺陷分布：Defect maping normmaly is fix column on the B side：3D printed forks are not durable and are easily worn out,wear fork touch the panel when moving caused trace lifting：Use the original factory fork：Buildup-CU64 M3 History Report.",
query_5,What is the root cause of CU64?,1,[4],"- CU64 M3: Potential RC & YIP/潜在原因及改进
- No.: 2
- Distribution/分布: Column
- Potential Impact Factor(Process)/潜在影响因素(制程）: ADP/PAR/APC
- Type/类别
(5M1E): Machine/机
- Sub-factor/子因数: unloader Hirata shutter
- Defect mapping/缺陷分布: Defect mapping/缺陷分布
- Defect further description/缺陷深入阐述: 
Defect maping normmaly is fix column on the B side 
- Potential RC/潜在根源: 3D printed forks are not durable and are easily worn out,wear fork touch the panel when moving caused trace lifting
- Improvement Action/改进行动: Use the original factory fork
- Historical investigation report/历史调查报告: Buildup-CU64 M3 History Report",
query_5,What is the root cause of CU64?,1,[5],"image from CU64 M3: Potential RC & YIP/潜在原因及改进 at row 29, column 6. Related text: 1：Column：ADP/PAR：Machine/机：Roller shift：Defect mapping/缺陷分布：1.The direction of the trace lifting match the direction of panel production in the tool
2. Defect maping normmaly is fix column on the B side：Roller shift, contacting the panel graphic area：1.Production arrange 1 lot/day to scan inline monitor
2.MNT daily check roller performance
3.Outgoing material inspection 2lots/per shift：Historical investigation report/历史调查报告.",
query_5,What is the root cause of CU64?,1,[6],"- CU64 M2: Potential RC & YIP/潜在原因及改进
- No.: 1
- Distribution/分布: Cluster by QP/FP
- Potential Impact Factor（Process)/潜在影响因素: PAOI/VRS
- Type/类别
(5M1E): Man/人
- Sub-factor/子因数: Manually Handling
- Defect mapping/缺陷分布: Defect mapping/缺陷分布
- Defect further description/缺陷深入阐述: Defect foucs on munal handling area which be touch by OP finger or nails;
- Potential RC/潜在根源: Employee voilate manually handling rule touch pattern area
员工违规操作触碰图形区
- Improvement Action/改进行动: Audit for all AOI/VRS/AOS OP hanlding;
Training for AOI/VRS/AOS OP handling;
- Historical investigation report/历史调查报告: Ecthing AOI - CU64 M2 History Report-001",
query_5,What is the root cause of CU64?,1,[7],"image from CU64 M2: Defect picture/缺陷图片 at row 16, column 3.",
query_5,What is the root cause of CU64?,1,[8],"image from CU64 M2: Defect picture/缺陷图片 at row 16, column 1.",
query_5,What is the root cause of CU64?,1,[9],"image from CU64 M2: Defect picture/缺陷图片 at row 16, column 4.",
query_5,What is the root cause of CU64?,1,[10],"image from CU64 M2: Defect picture/缺陷图片 at row 16, column 2.",
query_5,What is the root cause of CU64?,1,[11],"image from CU64 M2: Defect picture/缺陷图片 at row 16, column 5.",
query_5,What is the root cause of CU64?,1,[12],"- CU64 M2: Defect Information/缺陷详情
- Defect Information/缺陷详情: Defect Code/缺陷代码：CU64；Defect decription/缺陷描述：Bad copper adhesion /铜附着力不良；Mode/模式：M2；Mode description/模式描述：Trace lifting on panel handling area/拿板区域的线路飞起；Owner process/责任制程：PAOI/VRS/AOS；Owner department/责任部门：Etching AOI；Customer/客户：All；Product Group/产品：All",
query_5,What is the root cause of CU64?,1,[13],"image from CU64 M3: Defect picture/缺陷图片 at row 16, column 2.",
query_5,What is the root cause of CU64?,1,[14],"image from CU64 M3: Defect picture/缺陷图片 at row 16, column 1.",
query_5,What is the root cause of CU64?,1,[15],"- CU64 M3: Defect Criteria/缺陷标准
- Defect Criteria/缺陷标准: Trace shift or trace flip or trace lifting caused by external force,need scrap
受外力影响导致线路偏移或者线路翻转或者线路飞起，需要报废
Mapping match roller/Hirata shutter fork location
maping与滚轮或者Hirata shutter钩子位置匹配",
query_5,What is the root cause of CU64?,1,[16],"- CU64 M1: Potential RC & YIP/潜在原因及改进
- No.: 1
- Distribution/分布: Fixed location
- Potential Impact Factor（Process)/潜在影响因素: LXP
- Type/类别
(5M1E): Environment/环境
- Sub-factor/子因数:  Work stage
- Defect mapping/缺陷分布: Defect mapping/缺陷分布
- Defect further description/缺陷深入阐述: Trace or pad be crushed by FM on LXP stage
- Potential RC/潜在根源: FM on the work stage of LXP tool caused fixed location dry film crush or scratch
曝光机工作平台上的异物造成固定位置的干膜压伤或划伤
- Improvement Action/改进行动: 1.LXP outgoing VI check dry film surface
曝光出料检查干膜表面
2.Check and clean LXP work stage per 2hours
每2小时检查清洁曝光工作台面
- Historical investigation report/历史调查报告: Litho-CU64 M1 history report#1-1
Litho-CU64 M1 history report#1-2",
query_5,What is the root cause of CU64?,1,[17],"- CU64 M3: Defect Information/缺陷详情
- Defect Information/缺陷详情: Defect Code/缺陷代码：CU64；Defect decription/缺陷描述：Bad Copper Adhesion /铜附着力不强；Mode/模式：M3；Mode description/模式描述：Trace lifting due to scratch/划伤导致的线路飞起；Owner process/责任制程：ADP；Owner department/责任部门：Buildup；Customer/客户：All；Product Group/产品：All",
query_5,What is the root cause of CU64?,1,[18],"image from CU64 M2: Defect picture/缺陷图片 at row 17, column 2.",
query_5,What is the root cause of CU64?,1,[19],"image from CU64 M2: Defect picture/缺陷图片 at row 17, column 3.",
query_5,What is the root cause of CU64?,1,[20],"image from CU64 M2: Defect picture/缺陷图片 at row 17, column 2.",
query_5,What is the root cause of CU64?,1,[21],"image from CU64 M2: Defect picture/缺陷图片 at row 17, column 3.",
query_5,What is the root cause of CU64?,1,[22],"image from CU64 M2: Defect picture/缺陷图片 at row 16, column 1.",
query_5,What is the root cause of CU64?,1,[23],"image from CU64 M2: Defect picture/缺陷图片 at row 17, column 1.",
query_5,What is the root cause of CU64?,1,[24],"- CU64 M2: Defect Criteria/缺陷标准
- Defect Criteria/缺陷标准: Trace shift or trace lifting caused by external force impacted,scrap.
受外力影响造成的线路偏移或者翻转或者飞起，报废.
Mapping focus on AOI/AOS/VRS OP panel handling position
Mapping 集中在AOI/AOS/VRS 员工拿板位置",
query_5,What is the root cause of CU64?,1,[25],"- CU64 M1: Defect Information/缺陷详情
- Defect Information/缺陷详情: Defect Code/缺陷代码：CU64；Defect decription/缺陷描述：Bad copper adhesion /铜附着力不良；Mode/模式：M1；Mode description/模式描述：Fixed unit and fixed location crush/固定unit固定位置的压伤；Owner process/责任制程：LXP；Owner department/责任部门：Lithography；Customer/客户：All；Product Group/产品：All",
query_5,What is the root cause of CU64?,2,[1],"image from CU64 M3: Defect Criteria/缺陷标准 at row 13, column 3. Related text: Trace shift or trace flip or trace lifting caused by external force,need scrap
受外力影响导致线路偏移或者线路翻转或者线路飞起，需要报废
Mapping match roller/Hirata shutter fork location
maping与滚轮或者Hirata shutter钩子位置匹配.","Based on the provided knowledge base, there are multiple root causes identified for the **CU64** defect across different process modes (M1, M2, M3), primarily related to external force causing trace lifting, shifting, or scratching:

*   **Machine Factor (Roller Shift):** In the **M3** mode, a root cause is identified as **roller shift** contacting the panel graphic area. This results in trace lifting where the direction matches the panel production direction in the tool, with defects typically mapping to a fixed column on the B side [ID:1][ID:4].
*   **Machine Factor (Unloader/Hirata Shutter):** Also in the **M3** mode, the root cause is attributed to **unloader Hirata shutter** forks. Specifically, **3D printed forks** are noted as not durable and easily worn out; when worn, these forks touch the panel during movement, causing trace lifting [ID:2][ID:3].
*   **Man Factor (Manual Handling):** In the **M2** mode (Etching AOI), the root cause is **manual handling** violations. Employees touch the pattern area with fingers or nails, leading to trace lifting in the handling area [ID:5].
*   **Environment Factor (Foreign Material):** In the **M1** mode (Lithography), the root cause is **foreign material (FM)** on the work stage of the LXP tool. This causes fixed-location dry film crush or scratches, leading to bad copper adhesion [ID:15].

The general defect criteria for CU64 state that trace shift, trace flip, or trace lifting caused by **external force** requires the panel to be scrapped [ID:0][ID:14][ID:23]. [1, 2, 3, 4, 5, 6, 7, 8, 9, 10, 11, 12, 13, 14, 15, 16, 17, 18, 19, 20, 21, 22, 23, 24, 25]"
query_5,What is the root cause of CU64?,2,[2],"- CU64 M3: Potential RC & YIP/潜在原因及改进
- No.: 1
- Distribution/分布: Column
- Potential Impact Factor(Process)/潜在影响因素(制程）: ADP/PAR
- Type/类别
(5M1E): Machine/机
- Sub-factor/子因数: Roller shift
- Defect mapping/缺陷分布: Defect mapping/缺陷分布
- Defect further description/缺陷深入阐述: 1.The direction of the trace lifting match the direction of panel production in the tool
2. Defect maping normmaly is fix column on the B side 
- Potential RC/潜在根源: Roller shift, contacting the panel graphic area
- Improvement Action/改进行动: 1.Production arrange 1 lot/day to scan inline monitor
2.MNT daily check roller performance
3.Outgoing material inspection 2lots/per shift
- Historical investigation report/历史调查报告: Historical investigation report/历史调查报告",
query_5,What is the root cause of CU64?,2,[3],"image from CU64 M3: Potential RC & YIP/潜在原因及改进 at row 30, column 6. Related text: 2：Column：ADP/PAR/APC：Machine/机：unloader Hirata shutter：Defect mapping/缺陷分布：Defect maping normmaly is fix column on the B side：3D printed forks are not durable and are easily worn out,wear fork touch the panel when moving caused trace lifting：Use the original factory fork：Buildup-CU64 M3 History Report.",
query_5,What is the root cause of CU64?,2,[4],"- CU64 M3: Potential RC & YIP/潜在原因及改进
- No.: 2
- Distribution/分布: Column
- Potential Impact Factor(Process)/潜在影响因素(制程）: ADP/PAR/APC
- Type/类别
(5M1E): Machine/机
- Sub-factor/子因数: unloader Hirata shutter
- Defect mapping/缺陷分布: Defect mapping/缺陷分布
- Defect further description/缺陷深入阐述: 
Defect maping normmaly is fix column on the B side 
- Potential RC/潜在根源: 3D printed forks are not durable and are easily worn out,wear fork touch the panel when moving caused trace lifting
- Improvement Action/改进行动: Use the original factory fork
- Historical investigation report/历史调查报告: Buildup-CU64 M3 History Report",
query_5,What is the root cause of CU64?,2,[5],"image from CU64 M3: Potential RC & YIP/潜在原因及改进 at row 29, column 6. Related text: 1：Column：ADP/PAR：Machine/机：Roller shift：Defect mapping/缺陷分布：1.The direction of the trace lifting match the direction of panel production in the tool
2. Defect maping normmaly is fix column on the B side：Roller shift, contacting the panel graphic area：1.Production arrange 1 lot/day to scan inline monitor
2.MNT daily check roller performance
3.Outgoing material inspection 2lots/per shift：Historical investigation report/历史调查报告.",
query_5,What is the root cause of CU64?,2,[6],"- CU64 M2: Potential RC & YIP/潜在原因及改进
- No.: 1
- Distribution/分布: Cluster by QP/FP
- Potential Impact Factor（Process)/潜在影响因素: PAOI/VRS
- Type/类别
(5M1E): Man/人
- Sub-factor/子因数: Manually Handling
- Defect mapping/缺陷分布: Defect mapping/缺陷分布
- Defect further description/缺陷深入阐述: Defect foucs on munal handling area which be touch by OP finger or nails;
- Potential RC/潜在根源: Employee voilate manually handling rule touch pattern area
员工违规操作触碰图形区
- Improvement Action/改进行动: Audit for all AOI/VRS/AOS OP hanlding;
Training for AOI/VRS/AOS OP handling;
- Historical investigation report/历史调查报告: Ecthing AOI - CU64 M2 History Report-001",
query_5,What is the root cause of CU64?,2,[7],"image from CU64 M2: Defect picture/缺陷图片 at row 16, column 3.",
query_5,What is the root cause of CU64?,2,[8],"image from CU64 M2: Defect picture/缺陷图片 at row 16, column 1.",
query_5,What is the root cause of CU64?,2,[9],"image from CU64 M2: Defect picture/缺陷图片 at row 16, column 4.",
query_5,What is the root cause of CU64?,2,[10],"image from CU64 M2: Defect picture/缺陷图片 at row 16, column 2.",
query_5,What is the root cause of CU64?,2,[11],"image from CU64 M2: Defect picture/缺陷图片 at row 16, column 5.",
query_5,What is the root cause of CU64?,2,[12],"- CU64 M2: Defect Information/缺陷详情
- Defect Information/缺陷详情: Defect Code/缺陷代码：CU64；Defect decription/缺陷描述：Bad copper adhesion /铜附着力不良；Mode/模式：M2；Mode description/模式描述：Trace lifting on panel handling area/拿板区域的线路飞起；Owner process/责任制程：PAOI/VRS/AOS；Owner department/责任部门：Etching AOI；Customer/客户：All；Product Group/产品：All",
query_5,What is the root cause of CU64?,2,[13],"image from CU64 M3: Defect picture/缺陷图片 at row 16, column 2.",
query_5,What is the root cause of CU64?,2,[14],"image from CU64 M3: Defect picture/缺陷图片 at row 16, column 1.",
query_5,What is the root cause of CU64?,2,[15],"- CU64 M3: Defect Criteria/缺陷标准
- Defect Criteria/缺陷标准: Trace shift or trace flip or trace lifting caused by external force,need scrap
受外力影响导致线路偏移或者线路翻转或者线路飞起，需要报废
Mapping match roller/Hirata shutter fork location
maping与滚轮或者Hirata shutter钩子位置匹配",
query_5,What is the root cause of CU64?,2,[16],"- CU64 M1: Potential RC & YIP/潜在原因及改进
- No.: 1
- Distribution/分布: Fixed location
- Potential Impact Factor（Process)/潜在影响因素: LXP
- Type/类别
(5M1E): Environment/环境
- Sub-factor/子因数:  Work stage
- Defect mapping/缺陷分布: Defect mapping/缺陷分布
- Defect further description/缺陷深入阐述: Trace or pad be crushed by FM on LXP stage
- Potential RC/潜在根源: FM on the work stage of LXP tool caused fixed location dry film crush or scratch
曝光机工作平台上的异物造成固定位置的干膜压伤或划伤
- Improvement Action/改进行动: 1.LXP outgoing VI check dry film surface
曝光出料检查干膜表面
2.Check and clean LXP work stage per 2hours
每2小时检查清洁曝光工作台面
- Historical investigation report/历史调查报告: Litho-CU64 M1 history report#1-1
Litho-CU64 M1 history report#1-2",
query_5,What is the root cause of CU64?,2,[17],"- CU64 M3: Defect Information/缺陷详情
- Defect Information/缺陷详情: Defect Code/缺陷代码：CU64；Defect decription/缺陷描述：Bad Copper Adhesion /铜附着力不强；Mode/模式：M3；Mode description/模式描述：Trace lifting due to scratch/划伤导致的线路飞起；Owner process/责任制程：ADP；Owner department/责任部门：Buildup；Customer/客户：All；Product Group/产品：All",
query_5,What is the root cause of CU64?,2,[18],"image from CU64 M2: Defect picture/缺陷图片 at row 17, column 2.",
query_5,What is the root cause of CU64?,2,[19],"image from CU64 M2: Defect picture/缺陷图片 at row 17, column 3.",
query_5,What is the root cause of CU64?,2,[20],"image from CU64 M2: Defect picture/缺陷图片 at row 17, column 2.",
query_5,What is the root cause of CU64?,2,[21],"image from CU64 M2: Defect picture/缺陷图片 at row 17, column 3.",
query_5,What is the root cause of CU64?,2,[22],"image from CU64 M2: Defect picture/缺陷图片 at row 16, column 1.",
query_5,What is the root cause of CU64?,2,[23],"image from CU64 M2: Defect picture/缺陷图片 at row 17, column 1.",
query_5,What is the root cause of CU64?,2,[24],"- CU64 M2: Defect Criteria/缺陷标准
- Defect Criteria/缺陷标准: Trace shift or trace lifting caused by external force impacted,scrap.
受外力影响造成的线路偏移或者翻转或者飞起，报废.
Mapping focus on AOI/AOS/VRS OP panel handling position
Mapping 集中在AOI/AOS/VRS 员工拿板位置",
query_5,What is the root cause of CU64?,2,[25],"- CU64 M1: Defect Information/缺陷详情
- Defect Information/缺陷详情: Defect Code/缺陷代码：CU64；Defect decription/缺陷描述：Bad copper adhesion /铜附着力不良；Mode/模式：M1；Mode description/模式描述：Fixed unit and fixed location crush/固定unit固定位置的压伤；Owner process/责任制程：LXP；Owner department/责任部门：Lithography；Customer/客户：All；Product Group/产品：All",
query_5,What is the root cause of CU64?,3,[1],"image from CU64 M3: Defect Criteria/缺陷标准 at row 13, column 3. Related text: Trace shift or trace flip or trace lifting caused by external force,need scrap
受外力影响导致线路偏移或者线路翻转或者线路飞起，需要报废
Mapping match roller/Hirata shutter fork location
maping与滚轮或者Hirata shutter钩子位置匹配.","Based on the provided knowledge base, the root causes for the **CU64** defect vary depending on the specific process mode (M1, M2, or M3):

*   **Mode M3 (Buildup Process):**
    *   **Roller Shift:** The root cause is identified as roller shift contacting the panel graphic area, which causes trace lifting. The defect mapping typically shows a fixed column on the B side, matching the roller location [ID:1][ID:4].
    *   **Unloader Hirata Shutter:** The root cause is that 3D printed forks are not durable and easily wear out; these worn forks touch the panel during movement, causing trace lifting. The defect mapping also shows a fixed column on the B side, matching the Hirata shutter fork location [ID:2][ID:3].
    *   **General Cause:** The defects (trace shift, flip, or lifting) are caused by external force [ID:0][ID:14][ID:16].

*   **Mode M2 (Etching AOI Process):**
    *   **Manual Handling:** The root cause is employees violating manual handling rules by touching the pattern area with their fingers or nails. This occurs in the AOI/AOS/VRS operator panel handling positions [ID:5][ID:11].
    *   **General Cause:** The defects are caused by external force impact [ID:24].

*   **Mode M1 (Lithography Process):**
    *   **Work Stage Environment:** The root cause is foreign matter (FM) on the work stage of the LXP tool, which causes fixed-location dry film crush or scratch [ID:15][ID:23].

In summary, the root causes are attributed to **machine factors** (roller shift, worn forks, foreign matter on stage) in M1 and M3, and **man factors** (improper manual handling) in M2 [ID:1][ID:3][ID:5][ID:15]. [1, 2, 3, 4, 5, 6, 7, 8, 9, 10, 11, 12, 13, 14, 15, 16, 17, 18, 19, 20, 21, 22, 23, 24, 25]"
query_5,What is the root cause of CU64?,3,[2],"- CU64 M3: Potential RC & YIP/潜在原因及改进
- No.: 1
- Distribution/分布: Column
- Potential Impact Factor(Process)/潜在影响因素(制程）: ADP/PAR
- Type/类别
(5M1E): Machine/机
- Sub-factor/子因数: Roller shift
- Defect mapping/缺陷分布: Defect mapping/缺陷分布
- Defect further description/缺陷深入阐述: 1.The direction of the trace lifting match the direction of panel production in the tool
2. Defect maping normmaly is fix column on the B side 
- Potential RC/潜在根源: Roller shift, contacting the panel graphic area
- Improvement Action/改进行动: 1.Production arrange 1 lot/day to scan inline monitor
2.MNT daily check roller performance
3.Outgoing material inspection 2lots/per shift
- Historical investigation report/历史调查报告: Historical investigation report/历史调查报告",
query_5,What is the root cause of CU64?,3,[3],"image from CU64 M3: Potential RC & YIP/潜在原因及改进 at row 30, column 6. Related text: 2：Column：ADP/PAR/APC：Machine/机：unloader Hirata shutter：Defect mapping/缺陷分布：Defect maping normmaly is fix column on the B side：3D printed forks are not durable and are easily worn out,wear fork touch the panel when moving caused trace lifting：Use the original factory fork：Buildup-CU64 M3 History Report.",
query_5,What is the root cause of CU64?,3,[4],"- CU64 M3: Potential RC & YIP/潜在原因及改进
- No.: 2
- Distribution/分布: Column
- Potential Impact Factor(Process)/潜在影响因素(制程）: ADP/PAR/APC
- Type/类别
(5M1E): Machine/机
- Sub-factor/子因数: unloader Hirata shutter
- Defect mapping/缺陷分布: Defect mapping/缺陷分布
- Defect further description/缺陷深入阐述: 
Defect maping normmaly is fix column on the B side 
- Potential RC/潜在根源: 3D printed forks are not durable and are easily worn out,wear fork touch the panel when moving caused trace lifting
- Improvement Action/改进行动: Use the original factory fork
- Historical investigation report/历史调查报告: Buildup-CU64 M3 History Report",
query_5,What is the root cause of CU64?,3,[5],"image from CU64 M3: Potential RC & YIP/潜在原因及改进 at row 29, column 6. Related text: 1：Column：ADP/PAR：Machine/机：Roller shift：Defect mapping/缺陷分布：1.The direction of the trace lifting match the direction of panel production in the tool
2. Defect maping normmaly is fix column on the B side：Roller shift, contacting the panel graphic area：1.Production arrange 1 lot/day to scan inline monitor
2.MNT daily check roller performance
3.Outgoing material inspection 2lots/per shift：Historical investigation report/历史调查报告.",
query_5,What is the root cause of CU64?,3,[6],"- CU64 M2: Potential RC & YIP/潜在原因及改进
- No.: 1
- Distribution/分布: Cluster by QP/FP
- Potential Impact Factor（Process)/潜在影响因素: PAOI/VRS
- Type/类别
(5M1E): Man/人
- Sub-factor/子因数: Manually Handling
- Defect mapping/缺陷分布: Defect mapping/缺陷分布
- Defect further description/缺陷深入阐述: Defect foucs on munal handling area which be touch by OP finger or nails;
- Potential RC/潜在根源: Employee voilate manually handling rule touch pattern area
员工违规操作触碰图形区
- Improvement Action/改进行动: Audit for all AOI/VRS/AOS OP hanlding;
Training for AOI/VRS/AOS OP handling;
- Historical investigation report/历史调查报告: Ecthing AOI - CU64 M2 History Report-001",
query_5,What is the root cause of CU64?,3,[7],"image from CU64 M2: Defect picture/缺陷图片 at row 16, column 3.",
query_5,What is the root cause of CU64?,3,[8],"image from CU64 M2: Defect picture/缺陷图片 at row 16, column 1.",
query_5,What is the root cause of CU64?,3,[9],"image from CU64 M2: Defect picture/缺陷图片 at row 16, column 4.",
query_5,What is the root cause of CU64?,3,[10],"image from CU64 M2: Defect picture/缺陷图片 at row 16, column 2.",
query_5,What is the root cause of CU64?,3,[11],"image from CU64 M2: Defect picture/缺陷图片 at row 16, column 5.",
query_5,What is the root cause of CU64?,3,[12],"- CU64 M2: Defect Information/缺陷详情
- Defect Information/缺陷详情: Defect Code/缺陷代码：CU64；Defect decription/缺陷描述：Bad copper adhesion /铜附着力不良；Mode/模式：M2；Mode description/模式描述：Trace lifting on panel handling area/拿板区域的线路飞起；Owner process/责任制程：PAOI/VRS/AOS；Owner department/责任部门：Etching AOI；Customer/客户：All；Product Group/产品：All",
query_5,What is the root cause of CU64?,3,[13],"image from CU64 M3: Defect picture/缺陷图片 at row 16, column 1.",
query_5,What is the root cause of CU64?,3,[14],"image from CU64 M3: Defect picture/缺陷图片 at row 16, column 2.",
query_5,What is the root cause of CU64?,3,[15],"- CU64 M3: Defect Criteria/缺陷标准
- Defect Criteria/缺陷标准: Trace shift or trace flip or trace lifting caused by external force,need scrap
受外力影响导致线路偏移或者线路翻转或者线路飞起，需要报废
Mapping match roller/Hirata shutter fork location
maping与滚轮或者Hirata shutter钩子位置匹配",
query_5,What is the root cause of CU64?,3,[16],"- CU64 M1: Potential RC & YIP/潜在原因及改进
- No.: 1
- Distribution/分布: Fixed location
- Potential Impact Factor（Process)/潜在影响因素: LXP
- Type/类别
(5M1E): Environment/环境
- Sub-factor/子因数:  Work stage
- Defect mapping/缺陷分布: Defect mapping/缺陷分布
- Defect further description/缺陷深入阐述: Trace or pad be crushed by FM on LXP stage
- Potential RC/潜在根源: FM on the work stage of LXP tool caused fixed location dry film crush or scratch
曝光机工作平台上的异物造成固定位置的干膜压伤或划伤
- Improvement Action/改进行动: 1.LXP outgoing VI check dry film surface
曝光出料检查干膜表面
2.Check and clean LXP work stage per 2hours
每2小时检查清洁曝光工作台面
- Historical investigation report/历史调查报告: Litho-CU64 M1 history report#1-1
Litho-CU64 M1 history report#1-2",
query_5,What is the root cause of CU64?,3,[17],"- CU64 M3: Defect Information/缺陷详情
- Defect Information/缺陷详情: Defect Code/缺陷代码：CU64；Defect decription/缺陷描述：Bad Copper Adhesion /铜附着力不强；Mode/模式：M3；Mode description/模式描述：Trace lifting due to scratch/划伤导致的线路飞起；Owner process/责任制程：ADP；Owner department/责任部门：Buildup；Customer/客户：All；Product Group/产品：All",
query_5,What is the root cause of CU64?,3,[18],"image from CU64 M2: Defect picture/缺陷图片 at row 17, column 2.",
query_5,What is the root cause of CU64?,3,[19],"image from CU64 M2: Defect picture/缺陷图片 at row 17, column 3.",
query_5,What is the root cause of CU64?,3,[20],"image from CU64 M2: Defect picture/缺陷图片 at row 17, column 2.",
query_5,What is the root cause of CU64?,3,[21],"image from CU64 M2: Defect picture/缺陷图片 at row 17, column 3.",
query_5,What is the root cause of CU64?,3,[22],"image from CU64 M2: Defect picture/缺陷图片 at row 16, column 1.",
query_5,What is the root cause of CU64?,3,[23],"image from CU64 M2: Defect picture/缺陷图片 at row 17, column 1.",
query_5,What is the root cause of CU64?,3,[24],"- CU64 M1: Defect Information/缺陷详情
- Defect Information/缺陷详情: Defect Code/缺陷代码：CU64；Defect decription/缺陷描述：Bad copper adhesion /铜附着力不良；Mode/模式：M1；Mode description/模式描述：Fixed unit and fixed location crush/固定unit固定位置的压伤；Owner process/责任制程：LXP；Owner department/责任部门：Lithography；Customer/客户：All；Product Group/产品：All",
query_5,What is the root cause of CU64?,3,[25],"- CU64 M2: Defect Criteria/缺陷标准
- Defect Criteria/缺陷标准: Trace shift or trace lifting caused by external force impacted,scrap.
受外力影响造成的线路偏移或者翻转或者飞起，报废.
Mapping focus on AOI/AOS/VRS OP panel handling position
Mapping 集中在AOI/AOS/VRS 员工拿板位置",
